gene,celltype,mean_ref,mean_test,det_ref,det_test,common_log2fc,delta_det_pp,lfc_DUET,lfc_MAST,lfc_diffxpy,lfc_DESeq2,lfc_Wilcoxon
ATP6V0C,Ductal cell,0.012396451,1.083093,0.024469233537243607,0.6842205685937209,7.2912617,65.97513350564773,1.5446905313342532,1.544194797913331,4.396625090133623,7.258499289715742,7.291264533996582
CAST,Ductal cell,0.005019006,0.9905015,0.009715725080964374,0.6426254531577412,8.393989,63.29097280767768,1.4217514318758573,1.421179783566949,5.195554917435066,9.164683694596905,8.393989562988281
COPRS,Ductal cell,0.97487944,0.29795757,0.8348326736235614,0.28563251287921804,-2.2497644,-54.92001607443433,-0.9765920147955496,-0.9762295915139954,-2.0326536031707554,-2.291727476426164,-2.249765157699585
CRIP1,Ductal cell,0.011999718,0.47433558,0.022310183519251525,0.2961266933791212,5.651831,27.381650985986965,0.6670091300764397,0.6666778550146564,4.067882624187094,6.700419521267319,5.651830196380615
DBNDD2,Ductal cell,0.0059021944,0.22458766,0.009715725080964374,0.23220759397061763,5.4106603,22.249186888965326,0.3154964525272892,0.3151809136427171,3.4131448917420206,6.6917782621654185,5.410660266876221
DEF8,Ductal cell,0.5499807,0.0836792,0.6171284634760579,0.095783247471857,-3.0705218,-52.13452160042009,-0.6727317279442511,-0.6724256813119219,-2.6319739264205286,-2.739507975993342,-3.070523977279663
EEF1G,Ductal cell,0.027017709,1.6110857,0.05577545879812904,0.8130127838198049,7.1933885,75.72373250216758,2.2853260908054045,2.284778699522732,4.263128671964413,7.743788628850268,7.193387508392334
EGLN2,Ductal cell,0.011779558,0.16066799,0.023389708528247566,0.17210456019843637,3.8786685,14.87148516701888,0.2148007553013484,0.2146237908270137,2.0666362181582008,4.689158898256039,3.8786697387695312
EIF4A1,Ductal cell,0.06904792,1.443378,0.11838790931990004,0.7456592253386084,5.49992,62.72713160187083,1.9827398752934344,1.9823279107587293,3.1577736627655,5.420629316287585,5.49992036819458
ELAC1,Ductal cell,0.15722378,0.041551072,0.24109391867578459,0.049227246708643584,-2.0046837,-19.1866671967141,-0.166880417094793,-0.1667140650606589,-2.0087324426048943,-2.021323743621081,-2.004683494567871
EPB41L4A-AS1,Ductal cell,1.3979475,0.3857208,0.9193954659949057,0.3470711696241055,-2.6945353,-57.23242963708002,-1.4603359741076272,-1.4597988232179815,-2.345896036679369,-2.6756520608816405,-2.69453763961792
EXTL3,Ductal cell,0.35927224,0.049025528,0.46023749550198306,0.05418813203587124,-3.1048744,-40.60493634661118,-0.4475913252488505,-0.4473084495869228,-2.842847551762507,-2.8877915586741563,-3.1048741340637207
FAM174C,Ductal cell,0.0034605784,0.20834678,0.007196833393306943,0.21389047891623858,6.062231,20.669364552293164,0.2955881068048845,0.295292496748642,3.5986939540121354,6.393824018663469,6.062230110168457
HSPA1B,Ductal cell,0.12122987,1.4595364,0.19179560993163156,0.6332760923487366,4.6800485,44.148048241710505,1.930764607989244,1.9304595257192536,3.0183842318114342,4.817154653907421,4.680044174194336
IGKC,Ductal cell,0.00010321802,0.29188862,0.0003598416696653472,0.23850410227056043,11.68109,23.81442606008951,0.4209572752489919,0.4204900574522681,8.788677525943381,10.490702815796515,11.681089401245115
INS,Ductal cell,0.9224253,0.12290597,0.46239654551997517,0.10627742797176166,-3.5344906,-35.61191175482135,-1.1534627669517348,-1.1530365355960672,-6.271899534960165,-9.133009592251614,-3.5344905853271484
LARP6,Ductal cell,0.5438309,0.16266178,0.6052536883771031,0.17000572409845544,-2.032383,-43.52479642786477,-0.5499106408788603,-0.5496755944837238,-2.0009395262427105,-2.3659215456356497,-2.0323824882507324
LYZ,Ductal cell,0.4400087,1.0361085,0.3745951781216296,0.4512497614958712,1.7179108,7.665458337424158,0.8599904711598162,0.8599281444111846,0.9765540804172675,2.0059653421681265,1.7179111242294312
MATR3,Ductal cell,1.0455896,0.00026443927,0.8315940985965737,0.0005724098454493417,-12.76826,-83.10216887511244,-1.5080862080051582,-1.5070099020697407,-8.79801479283671,-9.767391488038228,-12.768260955810549
MRPS24,Ductal cell,0.018932464,0.52388966,0.03454480028787336,0.4426636138141323,5.1710176,40.81188135262589,0.7284980519132529,0.7281973974036832,3.0563691217937587,6.564197406516915,5.17101526260376
MSANTD3,Ductal cell,0.4469527,0.076455854,0.5332853544440441,0.08853272276283196,-2.8263173,-44.47526316812122,-0.5345139472235336,-0.5342486850282648,-2.5340807471068243,-2.101356414843489,-2.826317071914673
NCBP2AS2,Ductal cell,0.60074234,0.15543187,0.6667866138898686,0.16886090440755674,-2.2918649,-49.79257094823119,-0.6424475509686939,-0.6421837403492765,-2.097454965492319,-1.9117150322284304,-2.291865348815918
NME2,Ductal cell,0.08036341,1.3376354,0.14681540122346273,0.744132799084077,5.0695415,59.73173978606143,1.813859441375572,1.813507067582422,2.993006826367696,5.981785349955951,5.069540023803711
NR1D1,Ductal cell,0.24337646,0.076058276,0.312342569269524,0.07536729631749702,-1.8019185,-23.697527295202697,-0.2413891153693404,-0.2412009224884499,-1.917760664399168,-1.714517745368183,-1.8019182682037356
OSGIN2,Ductal cell,0.57568294,0.110416636,0.6329614969413309,0.12192329708071044,-2.73707,-51.103819986062035,-0.6712386312156918,-0.6709479872734833,-2.3959658247514644,-1.932671547705037,-2.737072706222534
PFDN5,Ductal cell,0.0794816,1.5822058,0.14429650953580528,0.824842587292423,5.5462427,68.05460777566176,2.1679710527961973,2.167536747095383,3.052825356165747,4.979647955572093,5.546239852905273
PGP,Ductal cell,0.6508226,0.11826741,0.6801007556674845,0.12669337912612164,-2.8689008,-55.340737654136284,-0.7683149993433053,-0.7679914291588287,-2.5101493357188973,-2.176840641841272,-2.868901014328003
POLD4,Ductal cell,0.027450576,0.53040606,0.051097517092479484,0.4298797939324321,4.651821,37.878227683995256,0.7256111584768045,0.7253518075122741,2.706927080678679,5.445576399897184,4.651820659637451
PSMB1,Ductal cell,1.7505796,0.7830796,0.9676142497300553,0.5752718946765447,-2.001558,-39.23423550535106,-1.3958077464030312,-1.3951575330162882,-1.7875148689560056,-1.738219742058894,-2.001558542251587
RPL17,Ductal cell,0.33207187,2.5010262,0.49514213745952207,0.9324556382368843,4.8290534,43.73135007773622,3.1291407153166726,3.128675147101736,2.6018805798057225,4.873874357925123,4.829054832458496
SNHG30,Ductal cell,0.31851342,0.0858317,0.43037063691975896,0.09482923106277476,-2.0652666,-33.55414058569842,-0.3356887508764265,-0.3354881874969079,-2.02498062683438,-1.7816468268603816,-2.0652668476104736
SST,Ductal cell,0.30064803,0.008520877,0.22382151853184776,0.008586147681740128,-5.35708,-21.523537085010762,-0.4214501704438898,-0.4209102484891135,-7.023810626048654,-9.794871359104814,-5.357079029083252
TEX30,Ductal cell,0.1465534,0.029055035,0.23173803526448547,0.03568021369967574,-2.4205635,-19.605782156480974,-0.1695142672049102,-0.1693281762421734,-2.2362036229640143,-2.30626406123535,-2.420563220977783
TMEM35B,Ductal cell,0.0019598475,0.3942051,0.0035984166966534716,0.3573745468421922,7.944335,35.37761301455388,0.5658900540162444,0.5654271250291701,5.075613718462212,8.33960886572839,7.944334030151367
TOMM6,Ductal cell,0.0020221826,0.65051514,0.0035984166966534716,0.5102079755771453,8.822662,50.66095588804917,0.93557765360992,0.9350065396054852,5.731621352072701,9.47832337236674,8.822662353515625
TRAPPC5,Ductal cell,0.010866389,0.6330519,0.02051097517092479,0.5069643197862661,6.3371944,48.64533446153413,0.8976242685194304,0.8972416184536908,3.728022707002291,7.003189912096243,6.337194919586182
TTC32,Ductal cell,0.2454552,0.07623969,0.35984166966535025,0.08414424728105364,-1.8121793,-27.56974223842966,-0.2441263767319457,-0.2439508757145645,-1.8732223750465768,-1.7953127130852764,-1.8121793270111084
TTR,Ductal cell,0.27662876,0.13084827,0.27455919395466216,0.10780385422629325,-1.1887826,-16.67553397283689,-0.2103168383288511,-0.2101597072077131,-2.36782936775179,-3.535048307124681,-1.1887832880020142
TXNRD1,Ductal cell,0.9215854,0.22104292,0.7499100395825518,0.2186605609616498,-2.612888,-53.1249478620902,-1.01066818972845,-1.0103208574934368,-2.430778241446109,-2.199492671652945,-2.612886667251587
WDR83OS,Ductal cell,0.0029464085,0.80984247,0.005757466714645555,0.5960694523945346,8.723803,59.031198567988895,1.1641051369373088,1.1635459748866523,5.469583610867264,8.854385324629927,8.72380256652832
ATP6V0C,Endothelial cell,0.010031814,0.74340713,0.008990318118948824,0.5800308800823746,6.77358,57.104056196342576,1.0580374992412451,1.0567756672249875,4.932041246188459,6.669259989907238,6.773581027984619
CAST,Endothelial cell,0.0026355842,1.0571178,0.0027662517289073307,0.6958311888832087,9.475005,69.30649371543014,1.5212983448633426,1.5197289493580353,6.4256321430115095,8.819450465726595,9.475008964538574
COPRS,Endothelial cell,0.90041494,0.17135261,0.567081604426001,0.19840452907874237,-2.9661753,-36.86770753472586,-1.0518145865325716,-1.0513089784679273,-1.7737029587390631,-2.70901815888471,-2.966175079345703
CRIP1,Endothelial cell,0.010790264,0.87028736,0.012448132780082983,0.5102933607823167,6.998924,49.78452280022337,1.239991751784418,1.2389456718962186,5.338285553549184,6.870921509757104,6.998922824859619
DBNDD2,Endothelial cell,0.0006364659,0.11281177,0.0006915629322268327,0.1245496654657739,7.551298,12.385810253354707,0.1618347240406925,0.1608805796138616,5.593445911674151,6.750092015181856,7.55129861831665
DEF8,Endothelial cell,0.9417341,0.14060399,0.5829875518672181,0.16855378281008612,-3.37331,-41.443376905713194,-1.1557859266083323,-1.1551950309821155,-2.0612160294835244,-2.9712275994131065,-3.373310089111328
EEF1G,Endothelial cell,0.015798148,1.7026025,0.015905947441217143,0.8319608852290782,8.13883,81.60549377878611,2.4335436272930253,2.431951423477854,5.570254225811802,7.790323489254262,8.138830184936523
EGLN2,Endothelial cell,0.005257552,0.33410797,0.006224066390041494,0.32913021101390066,6.233697,32.29061446238592,0.4744305442223421,0.4735950683903924,3.9774877473977033,5.027526833651977,6.2336955070495605
EIF4A1,Endothelial cell,0.040231355,1.7113485,0.041493775933609936,0.839423571796243,6.787973,79.79297958626331,2.4109127665108487,2.4095932581042305,4.497747852921624,5.6489211733363245,6.787973403930664
ELAC1,Endothelial cell,0.2759531,0.039857775,0.212309820193637,0.04760679361811645,-2.9662762,-16.470302657552054,-0.3406135799733126,-0.3401840550283989,-1.9894273471208936,-2.830277810084073,-2.966276168823242
EPB41L4A-AS1,Endothelial cell,1.2790145,0.26172557,0.71784232365145,0.2720020586721558,-3.115639,-44.584026497929415,-1.4676381238008038,-1.4669843956375024,-1.884223205022003,-3.072647195854097,-3.115639925003052
EXTL3,Endothelial cell,0.4858116,0.10612498,0.3326417704011055,0.12274832732887223,-2.4820013,-20.989344307223327,-0.5477722533690923,-0.5474137626829156,-1.6052447037968751,-2.380269249278368,-2.482002019882202
FAM174C,Endothelial cell,0.001607006,0.27066043,0.0013831258644536654,0.28435409161091146,7.5944457,28.29709657464578,0.3881615572233524,0.3868771559555706,5.662992646371052,7.339382725993709,7.5944437980651855
HSPA1B,Endothelial cell,0.022237778,1.240144,0.02489626556016598,0.5772002058672431,6.771148,55.23039403070771,1.7570667628962124,1.7559991730335631,4.860803187954851,5.462553138488653,6.771147727966309
IGKC,Endothelial cell,0.014236258,0.43550918,0.008298755186721992,0.32861554297478585,5.2503166,32.03167877880638,0.607768136250378,0.606350612759701,3.82901054672065,5.923879470526426,5.2503156661987305
INS,Endothelial cell,3.2968426,0.20102002,0.9066390041493746,0.18322182192485686,-6.869102,-72.34171822245176,-4.46632988531889,-4.463904180564723,-5.124731599255283,-8.79319198950172,-6.869103908538818
LARP6,Endothelial cell,0.9649054,0.07833479,0.5781466113416303,0.09212557900154383,-4.317358,-48.602103234008645,-1.279050267965698,-1.2782295445674892,-2.727694962961308,-4.090843905364416,-4.317357540130615
LYZ,Endothelial cell,0.00350727,0.33273265,0.004149377593360996,0.22928461142562814,6.812005,22.513523383226712,0.4749719142418864,0.4740556842522735,4.825302517442525,7.316304238374514,6.812005043029785
MATR3,Endothelial cell,0.97991836,0.0010941927,0.5968188105117547,0.0015440041173443132,-10.569989,-59.52748063944103,-1.412143393168486,-1.41011904625884,-7.018863766176239,-9.605401643170238,-10.569987297058104
MRPS24,Endothelial cell,0.0056470735,0.3838107,0.00760719225449516,0.37364899639733246,6.368377,36.604180414283725,0.5455748776969235,0.5448056337218911,4.270650750621314,5.823596533540386,6.368377685546875
MSANTD3,Endothelial cell,0.53976506,0.099823266,0.38174273858921043,0.12326299536798699,-2.7691066,-25.847974322122347,-0.6347024911445174,-0.6343002053316938,-1.806429886279578,-2.9957579400005403,-2.769109010696411
NCBP2AS2,Endothelial cell,0.6634017,0.16064428,0.46196403872752273,0.18296448790529948,-2.433484,-27.899955082222327,-0.725325292870209,-0.7249490889804776,-1.5090321502391937,-2.464670415474241,-2.4334828853607178
NME2,Endothelial cell,0.042749003,1.5904747,0.04495159059474409,0.8131755018013873,6.482739,76.82239112066432,2.232896632813347,2.231686192528848,4.460421275709155,6.068702487030684,6.4827399253845215
NR1D1,Endothelial cell,0.2678576,0.05041928,0.20885200553250285,0.0597014925373137,-2.570425,-14.915051299518916,-0.3136972191968186,-0.3133373229951137,-1.7060191003476652,-2.517968778639228,-2.570424795150757
OSGIN2,Endothelial cell,0.15711884,0.047035825,0.13831258644536618,0.05635615028306765,-1.8207828,-8.195643616229853,-0.1588161423395415,-0.1585903191278612,-1.2455201581161757,-2.0321850234975973,-1.8207826614379885
PFDN5,Endothelial cell,0.12033388,1.5143981,0.10650069156293197,0.8147195059187318,4.793683,70.82188143557998,2.011206349342711,2.0101577272907343,3.3343879859528216,4.71768950231052,4.7936787605285645
PGP,Endothelial cell,0.8352295,0.20546018,0.5325034578146595,0.22902727740607076,-2.5167537,-30.34761804085887,-0.9085647244319396,-0.9081583994869732,-1.522691362544829,-2.3208186211504502,-2.516753435134888
POLD4,Endothelial cell,0.008496318,0.29391778,0.009681881051175656,0.2959341224909949,5.323504,28.62522414398192,0.4117759572718207,0.4110363656483578,3.671907399440124,5.067711540120369,5.323503494262695
PSMB1,Endothelial cell,2.3328934,0.7543517,0.9349930843706746,0.5833762223366209,-3.0469232,-35.161686203405374,-2.277352102662299,-2.276244428080971,-1.623096600108619,-2.354867399414516,-3.0469205379486084
RPL17,Endothelial cell,0.20243569,2.6511035,0.19432918395573942,0.9420998455996493,5.875122,74.77706616439099,3.532682074634552,3.5312719108946973,3.917259408015071,5.238714249950323,5.875123977661133
SNHG30,Endothelial cell,0.59637976,0.089239225,0.4045643153526958,0.10859495625321625,-3.1271443,-29.59693590994796,-0.73164861143594,-0.7311636063965642,-2.020714741338863,-3.1255075734151965,-3.127143383026123
SST,Endothelial cell,0.9374014,0.020668702,0.5110650069156277,0.013896037056098806,-6.216845,-49.71689698595289,-1.322565064325686,-1.3209323093584528,-3.4607687439418195,-5.146458022090978,-6.216843605041504
TEX30,Endothelial cell,0.32169124,0.033081077,0.24343015214384436,0.04246011322696868,-3.4959364,-20.097003891687567,-0.41637652814868,-0.4158713491046458,-2.210805471853962,-3.149763158605671,-3.495936632156372
TMEM35B,Endothelial cell,0.0013046052,0.38683918,0.0006915629322268327,0.3723623262995454,8.499064,37.16707633673186,0.5562087963890557,0.5540011628889562,6.75469047361033,8.607120638088745,8.499064445495605
TOMM6,Endothelial cell,0.00023387543,0.47445485,0.0006915629322268327,0.4279464745239458,11.341893,42.725491159171895,0.6841559455305088,0.6834068696484454,7.0241017024881645,8.941362494896188,11.34189224243164
TRAPPC5,Endothelial cell,0.0049642487,0.5181155,0.006224066390041494,0.46011322696862195,7.091814,45.38891605785805,0.74032111699964,0.7393845593747161,4.898758610680409,6.723663760323224,7.091814994812012
TTC32,Endothelial cell,0.33088005,0.051206373,0.2551867219917005,0.060988162635100644,-2.9000726,-19.419855935659985,-0.4034838993859336,-0.4030601403785764,-1.8659915997811465,-3.0081362721577825,-2.9000728130340576
TTR,Endothelial cell,0.47887275,0.0313551,0.3049792531120323,0.03139475038600098,-4.269386,-27.35845027260313,-0.6456315723769117,-0.6448296752975301,-3.786731263018072,-7.499508150372474,-4.269385814666748
TXNRD1,Endothelial cell,1.0490586,0.278437,0.5919778699861669,0.2768914050437466,-2.53046,-31.508646494242026,-1.1117720447766324,-1.1113171951894374,-1.4846412306790664,-2.412779089532067,-2.530460357666016
WDR83OS,Endothelial cell,0.0051678256,0.7411937,0.005532503457814661,0.580288214101932,7.727952,57.47557106441173,1.0618602598872364,1.0606439458997676,5.338563590609343,7.552885641266698,7.727951049804687
ATP6V0C,Stellate cell,0.010244834,0.7305041,0.017059301380991064,0.5609561752988073,6.7074113,54.389687391781614,1.0391138844878884,1.0381259467765105,4.029210024635252,6.523181634023337,6.707410335540772
CAST,Stellate cell,0.0019291535,0.9435528,0.002437043054427295,0.6394422310756909,9.666354,63.70051880212636,1.3584758687326406,1.3566913989212233,6.203515527812102,9.698910281276708,9.666354179382324
COPRS,Stellate cell,1.0145009,0.3010205,0.6823720552396368,0.2864541832669359,-2.3234067,-39.591787197270094,-1.029335958835642,-1.028707416133102,-2.033606113524039,-1.9991864304981384,-2.32340931892395
CRIP1,Stellate cell,0.017926011,2.2929883,0.03005686433793666,0.8342629482071431,8.943384,80.42060838692065,3.2822218359668542,3.280375358750085,5.537390627906834,7.84213932916333,8.943385124206543
DBNDD2,Stellate cell,0.0002953054,0.86927384,0.0008123476848090983,0.6115537848605546,12.195358,61.07414371757455,1.2536696588952172,1.2523195926132724,7.459426100186445,10.695818646507789,12.195356369018556
DEF8,Stellate cell,0.91949064,0.18995947,0.6620633631194096,0.1972111553784873,-2.8496897,-46.48522077409223,-1.0524912624272853,-1.0517685061045754,-2.331437176422376,-2.377835080975377,-2.849689722061157
EEF1G,Stellate cell,0.02022693,1.8321025,0.02761982128350936,0.8784860557768592,8.004458,85.08662344933498,2.613983268758993,2.612169051499233,4.719552154267589,7.34849145828931,8.004457473754883
EGLN2,Stellate cell,0.0048468136,0.15470563,0.008123476848090982,0.15896414342629503,5.105882,15.084066657820404,0.2162006209052211,0.2155826562975449,2.875327431301191,4.814593360738548,5.10588264465332
EIF4A1,Stellate cell,0.08037161,1.8749593,0.09260763606823734,0.8685258964143105,6.043619,77.59182603460732,2.5890454587859577,2.587539480934943,3.5382289251137,5.587193510792202,6.0436224937438965
ELAC1,Stellate cell,0.17781618,0.036555145,0.18927701056051952,0.038645418326693194,-2.3859584,-15.063159223382632,-0.2037965993826697,-0.2033348234376235,-2.198722459971403,-2.113012998318153,-2.385958194732666
EPB41L4A-AS1,Stellate cell,1.9166548,0.31327453,0.8952071486596183,0.28247011952191586,-3.978226,-61.27370291377024,-2.3131916683608607,-2.311644648378077,-3.1123274639679583,-3.703315989720213,-3.978229522705078
EXTL3,Stellate cell,0.35049793,0.097959206,0.32656376929325565,0.10159362549800745,-2.0281215,-22.49701437952482,-0.364336422142374,-0.3639155714919553,-1.8766837217746948,-1.813229548085952,-2.0281214714050293
FAM174C,Stellate cell,0.0032083963,0.18803026,0.004061738424045491,0.19203187250996126,6.0084133,18.797013408591575,0.2666416999073505,0.2657046768477265,3.605032207594935,6.023467820585871,6.008413791656494
HSPA1B,Stellate cell,0.029488826,1.0505221,0.0446791226645004,0.4772908366533952,5.9570017,43.26117139888948,1.4730398869051404,1.4720801340466476,4.220289916160172,6.072457449095318,5.95700216293335
IGKC,Stellate cell,0.0014086381,0.5536668,0.0016246953696181965,0.3888446215139506,9.035322,38.72199261443324,0.796740367371489,0.7951033236053369,6.237592285231012,9.7595579562497,9.035323143005373
INS,Stellate cell,3.4380934,0.21361825,0.9618196588139636,0.17450199203187314,-6.98307,-78.73176667820904,-4.651937841109467,-4.648209897817887,-5.157036554386895,-5.787811165090089,-6.983073711395264
LARP6,Stellate cell,0.9682556,0.09792685,0.6506904955320824,0.10796812749003927,-3.9887674,-54.27223680420431,-1.2556190614242055,-1.254632182476222,-3.206232950443029,-3.724156958948361,-3.988767147064209
LYZ,Stellate cell,0.0024622027,0.24552044,0.004061738424045491,0.17689243027888515,6.8187,17.283069185483964,0.3506588726534629,0.3497395437648682,4.433098706054251,6.268850429284365,6.818699836730957
MATR3,Stellate cell,0.9486417,0.00012415386,0.6888708367181096,0.00039840637450199205,-13.637414,-68.84724303436076,-1.3684219087098766,-1.3662040143459036,-8.744166281263418,-9.369981880069858,-13.637414932250977
MRPS24,Stellate cell,0.009544855,0.60380137,0.01299756295694557,0.4860557768924393,6.433716,47.305821393549365,0.8573314501522771,0.8562683652232121,3.881345552439956,5.989948011226483,6.433717250823975
MSANTD3,Stellate cell,0.7179372,0.09969921,0.5710804224207916,0.10956175298804723,-3.3244228,-46.15186694327444,-0.8919281259019801,-0.8911700722879641,-2.609121242035611,-3.1011786120132028,-3.324420690536499
NCBP2AS2,Stellate cell,0.93459964,0.19177622,0.674248578391546,0.19482071713147528,-2.870678,-47.942786126007064,-1.071667410958531,-1.070917050165926,-2.3063628763446,-2.253526653323502,-2.8706774711608887
NME2,Stellate cell,0.0721357,1.7924702,0.10154346060113748,0.8681274900398086,6.0639534,76.65840294386712,2.4819160616880485,2.480602504502245,3.5884396125015146,5.639277630788956,6.06395149230957
NR1D1,Stellate cell,0.28728274,0.039649453,0.2786352558895194,0.042231075697211094,-3.0405915,-23.64041801923083,-0.3572592997508339,-0.3566545782474379,-2.5465177548601203,-2.7409399740727456,-3.040591239929199
OSGIN2,Stellate cell,0.27235398,0.03933001,0.2696994313566194,0.04382470119521905,-2.964235,-22.587473016140034,-0.3361824957418811,-0.3356174731621841,-2.7301561311047022,-3.341956783353403,-2.9642348289489746
PFDN5,Stellate cell,0.14618023,2.0177305,0.1681559707554832,0.9171314741035481,5.3725944,74.8975503348065,2.7000769413065218,2.6986115944140683,3.0538325176476446,5.287097557695468,5.372594833374023
PGP,Stellate cell,0.9325404,0.22498342,0.6783103168155914,0.23147410358565954,-2.6106024,-44.68362132299318,-1.0207895882787277,-1.0201154788262417,-2.037499614882782,-1.8061432774022692,-2.6106033325195312
POLD4,Stellate cell,0.0073133023,0.46943086,0.009748172217709178,0.39721115537849266,6.350812,38.746298316078345,0.6666949387415327,0.6656635805895825,3.705782110695078,6.056235030278695,6.350812911987305
PSMB1,Stellate cell,2.3573463,0.96257126,0.9715678310316727,0.6669322709163252,-2.5628593,-30.46355601153474,-2.012235242356486,-2.01057002408881,-1.939668610773408,-1.594667625564402,-2.5628597736358643
RPL17,Stellate cell,0.26606724,2.8419027,0.30463038180341023,0.970517928286809,5.7272735,66.58875464833989,3.7161470563138383,3.714265437214712,3.134992810198349,5.166179051329071,5.727275371551514
SNHG30,Stellate cell,0.65742743,0.110311925,0.5434606011372826,0.11633466135458104,-2.9950602,-42.71259397827015,-0.7893211756926033,-0.788631797080785,-2.534347524957192,-2.666705670552875,-2.995060920715332
SST,Stellate cell,0.6877549,0.017976958,0.4735987002437008,0.012749003984063752,-5.7691193,-46.08496962596371,-0.9662859771843676,-0.964590148297336,-4.728619170622118,-5.143792085184431,-5.769120693206787
TEX30,Stellate cell,0.25338757,0.060000014,0.2534524776604376,0.06693227091633441,-2.2214518,-18.65202067441032,-0.2789991985233133,-0.2785812062698499,-2.003440087256942,-1.7001960247286751,-2.2214515209198
TMEM35B,Stellate cell,0.00035571153,0.3498952,0.0008123476848090983,0.32430278884462616,10.201487,32.349044115981705,0.5042788136128229,0.5032474030933878,6.331576991333308,9.117441523715351,10.201486587524414
TOMM6,Stellate cell,0.0014182967,0.5581436,0.0016246953696181965,0.46852589641435116,9.040603,46.6901201044733,0.8031856050524149,0.8015750592978274,5.466006745844462,8.692555733125268,9.040604591369627
TRAPPC5,Stellate cell,0.0052361935,0.5223269,0.009748172217709178,0.441434262948215,7.029654,43.168609073050575,0.7460043625202578,0.7451017459816107,4.17628075216481,6.587742387393198,7.029654502868652
TTC32,Stellate cell,0.27606782,0.05101898,0.29406986190089207,0.049402390438246895,-2.6026773,-24.466747146264517,-0.324676956630174,-0.3241131995268498,-2.331987631544695,-2.474487556987887,-2.602677822113037
TTR,Stellate cell,0.5472465,0.028132398,0.42973192526401,0.0258964143426295,-4.674258,-40.38355109213805,-0.7489232277615601,-0.7477958038850137,-4.6387762160703465,-5.940559796102593,-4.674257755279541
TXNRD1,Stellate cell,0.9074101,0.19625816,0.6157595450852915,0.19163346613545926,-2.7688358,-42.412607894983225,-1.0259759029366624,-1.0252699282154187,-2.400256794411065,-2.481178959092229,-2.768836498260498
WDR83OS,Stellate cell,0.0049845492,0.70039135,0.004874086108854589,0.5410358565737099,7.6655507,53.61617704648553,1.0032596695215217,1.0015992987552502,5.0492023178009084,8.166192129262841,7.665550231933594
