condition,expression
ctrl,1.4619932
ctrl,0.0
ctrl,0.0
ctrl,0.0
ctrl,0.0
ctrl,0.0
ctrl,2.1310735
ctrl,0.0
ctrl,0.0
ctrl,0.0
ctrl,0.0
ctrl,0.0
ctrl,0.0
ctrl,0.0
ctrl,0.0
ctrl,0.0
ctrl,0.0
ctrl,0.0
ctrl,0.0
ctrl,2.4549499
ctrl,0.0
ctrl,0.0
ctrl,0.0
ctrl,0.0
ctrl,0.0
ctrl,0.0
ctrl,0.0
ctrl,0.0
ctrl,0.0
ctrl,0.0
ctrl,0.0
ctrl,0.0
ctrl,0.0
ctrl,0.0
ctrl,0.0
ctrl,0.0
ctrl,0.0
ctrl,0.0
ctrl,0.0
ctrl,1.8993901
ctrl,0.0
ctrl,0.0
ctrl,0.0
ctrl,0.0
ctrl,0.0
ctrl,0.0
ctrl,0.0
ctrl,0.0
ctrl,0.0
ctrl,0.0
ctrl,0.0
ctrl,0.0
ctrl,0.0
ctrl,0.0
ctrl,0.0
ctrl,0.0
ctrl,0.0
ctrl,0.0
ctrl,0.0
ctrl,0.0
ctrl,0.0
ctrl,0.0
ctrl,0.0
ctrl,0.0
ctrl,0.0
ctrl,0.0
ctrl,0.0
ctrl,0.0
ctrl,0.0
ctrl,1.11916
ctrl,0.0
ctrl,0.0
ctrl,0.0
ctrl,0.0
ctrl,0.0
ctrl,2.3099985
ctrl,0.0
ctrl,0.0
ctrl,0.0
ctrl,0.0
ctrl,0.0
ctrl,0.0
ctrl,0.0
ctrl,0.0
ctrl,0.0
ctrl,0.0
ctrl,0.0
ctrl,0.0
ctrl,1.4023311
ctrl,0.0
ctrl,0.0
ctrl,0.0
ctrl,0.0
ctrl,0.0
ctrl,0.0
ctrl,0.0
ctrl,0.0
ctrl,0.0
ctrl,0.0
ctrl,0.0
ctrl,0.0
ctrl,0.0
ctrl,0.0
ctrl,0.0
ctrl,0.0
ctrl,0.0
ctrl,0.0
ctrl,0.0
ctrl,0.0
ctrl,0.0
ctrl,0.0
ctrl,0.0
ctrl,0.0
ctrl,0.0
ctrl,0.0
ctrl,0.0
ctrl,0.0
ctrl,0.0
ctrl,0.0
ctrl,0.0
ctrl,0.0
ctrl,0.0
ctrl,0.0
ctrl,2.2914119
ctrl,0.0
ctrl,0.0
ctrl,0.0
ctrl,0.0
ctrl,0.0
ctrl,0.0
ctrl,0.0
ctrl,0.0
ctrl,0.0
ctrl,1.5106838
ctrl,0.0
ctrl,0.0
ctrl,0.0
ctrl,3.2234955
ctrl,0.0
ctrl,0.0
ctrl,0.0
ctrl,0.0
ctrl,0.0
ctrl,0.0
ctrl,1.6033856
ctrl,0.0
ctrl,0.0
ctrl,0.0
ctrl,0.0
ctrl,0.0
ctrl,0.0
ctrl,0.0
ctrl,0.0
ctrl,0.0
ctrl,0.0
ctrl,0.0
ctrl,0.0
ctrl,0.0
ctrl,0.0
ctrl,0.0
ctrl,2.147268
ctrl,0.0
ctrl,0.0
ctrl,0.0
ctrl,0.0
ctrl,0.0
ctrl,0.0
ctrl,0.0
ctrl,0.0
ctrl,0.0
ctrl,0.0
ctrl,0.0
ctrl,0.0
ctrl,0.0
ctrl,0.0
ctrl,2.104064
ctrl,0.0
ctrl,0.0
ctrl,0.0
ctrl,0.0
ctrl,0.0
ctrl,0.0
ctrl,1.3094578
ctrl,0.0
ctrl,0.0
ctrl,0.0
ctrl,0.0
ctrl,0.0
ctrl,0.0
ctrl,0.0
ctrl,0.0
ctrl,0.0
ctrl,0.0
ctrl,0.0
ctrl,0.0
ctrl,0.0
ctrl,0.0
ctrl,0.0
ctrl,0.0
ctrl,0.0
ctrl,0.0
ctrl,0.0
ctrl,0.0
ctrl,0.0
ctrl,0.0
ctrl,0.0
ctrl,0.0
ctrl,0.0
ctrl,0.0
ctrl,0.0
ctrl,0.0
ctrl,0.0
ctrl,0.0
ctrl,0.0
ctrl,0.0
ctrl,0.0
ctrl,0.0
ctrl,0.0
ctrl,0.0
ctrl,0.0
ctrl,0.0
ctrl,0.0
ctrl,0.0
ctrl,0.0
ctrl,0.0
ctrl,0.0
ctrl,0.0
ctrl,0.0
ctrl,0.0
ctrl,0.0
ctrl,0.0
ctrl,0.0
ctrl,0.0
ctrl,0.0
ctrl,0.0
ctrl,0.0
ctrl,0.0
ctrl,0.0
ctrl,0.0
ctrl,0.0
ctrl,0.0
ctrl,0.0
ctrl,0.0
ctrl,0.0
ctrl,0.0
ctrl,0.0
ctrl,0.0
ctrl,0.0
ctrl,0.0
ctrl,0.0
ctrl,0.0
ctrl,0.0
ctrl,0.0
ctrl,0.0
ctrl,0.0
ctrl,0.0
ctrl,0.0
ctrl,0.0
ctrl,0.0
ctrl,0.0
ctrl,0.0
ctrl,0.0
ctrl,1.7516617
ctrl,0.0
ctrl,0.0
ctrl,0.0
ctrl,0.0
ctrl,0.0
ctrl,0.0
ctrl,0.0
ctrl,0.0
ctrl,0.0
ctrl,0.0
ctrl,0.0
ctrl,0.0
ctrl,0.0
ctrl,0.0
ctrl,0.0
ctrl,0.0
ctrl,0.0
ctrl,0.0
ctrl,0.0
ctrl,0.0
ctrl,0.0
ctrl,0.0
ctrl,0.0
ctrl,0.0
ctrl,0.0
ctrl,0.0
ctrl,0.0
ctrl,0.0
ctrl,0.0
ctrl,0.0
ctrl,0.0
ctrl,0.0
ctrl,0.0
ctrl,0.0
ctrl,0.0
ctrl,0.0
ctrl,1.9098514
ctrl,0.0
ctrl,0.0
ctrl,0.0
ctrl,0.0
ctrl,0.0
ctrl,0.0
ctrl,0.0
ctrl,0.0
ctrl,0.0
ctrl,2.2914119
ctrl,0.0
ctrl,0.0
ctrl,0.0
ctrl,0.0
ctrl,0.0
ctrl,2.682451
ctrl,0.0
ctrl,0.0
ctrl,0.0
ctrl,0.0
ctrl,0.0
ctrl,0.0
ctrl,0.0
ctrl,0.0
ctrl,0.0
ctrl,0.0
ctrl,2.1466005
ctrl,0.0
ctrl,1.5365024
ctrl,0.0
ctrl,0.0
ctrl,0.0
ctrl,0.0
ctrl,0.0
ctrl,0.0
ctrl,0.0
ctrl,0.0
ctrl,0.0
ctrl,0.0
ctrl,0.0
ctrl,0.0
ctrl,0.0
ctrl,0.0
ctrl,0.0
ctrl,0.0
ctrl,0.0
ctrl,0.0
ctrl,0.0
ctrl,0.0
ctrl,0.0
ctrl,0.0
ctrl,0.0
ctrl,0.0
ctrl,0.0
ctrl,0.0
ctrl,0.0
ctrl,0.0
ctrl,0.0
ctrl,0.0
ctrl,0.0
ctrl,0.0
ctrl,0.0
ctrl,0.0
ctrl,0.0
ctrl,1.7777317
ctrl,0.0
ctrl,0.0
ctrl,0.0
ctrl,0.0
ctrl,0.0
ctrl,0.0
ctrl,0.0
ctrl,0.0
ctrl,0.0
ctrl,0.0
ctrl,0.0
ctrl,0.0
ctrl,0.0
ctrl,0.0
ctrl,0.0
ctrl,0.0
ctrl,1.9708331
ctrl,0.0
ctrl,0.0
ctrl,0.0
ctrl,0.0
ctrl,0.0
ctrl,0.0
ctrl,0.0
ctrl,0.0
ctrl,0.0
ctrl,0.0
ctrl,0.0
ctrl,0.0
ctrl,0.0
ctrl,0.0
ctrl,0.0
ctrl,0.0
ctrl,0.0
ctrl,0.0
ctrl,0.0
ctrl,0.0
ctrl,0.0
ctrl,0.0
ctrl,0.0
ctrl,0.0
ctrl,0.0
ctrl,0.0
ctrl,0.0
ctrl,0.0
ctrl,0.0
ctrl,0.0
ctrl,0.0
ctrl,0.0
ctrl,0.0
ctrl,2.5682788
ctrl,0.0
ctrl,0.0
ctrl,0.0
ctrl,0.0
ctrl,0.0
ctrl,0.0
ctrl,0.0
ctrl,0.0
ctrl,0.0
ctrl,0.0
ctrl,0.0
ctrl,0.0
ctrl,0.0
ctrl,0.0
ctrl,0.0
ctrl,0.0
ctrl,0.0
ctrl,0.0
ctrl,2.5550377
ctrl,0.0
ctrl,0.0
ctrl,0.0
ctrl,0.0
ctrl,0.0
ctrl,0.0
ctrl,0.0
ctrl,0.0
ctrl,0.0
ctrl,0.0
ctrl,0.0
ctrl,0.0
ctrl,0.0
ctrl,0.0
ctrl,0.0
ctrl,0.0
ctrl,0.0
ctrl,0.0
ctrl,0.0
ctrl,0.0
ctrl,0.0
ctrl,0.0
ctrl,0.0
ctrl,0.0
ctrl,0.0
ctrl,1.3467606
ctrl,0.0
ctrl,0.0
ctrl,0.0
ctrl,0.0
ctrl,0.0
ctrl,0.0
ctrl,0.0
ctrl,0.0
ctrl,0.0
ctrl,0.0
ctrl,0.0
ctrl,0.0
ctrl,0.0
ctrl,0.0
ctrl,0.0
ctrl,0.0
ctrl,0.0
ctrl,0.0
ctrl,0.0
ctrl,0.0
ctrl,0.0
ctrl,0.0
ctrl,0.0
ctrl,0.0
ctrl,0.0
ctrl,0.0
ctrl,0.0
ctrl,0.0
ctrl,0.0
ctrl,0.0
ctrl,0.0
ctrl,0.0
ctrl,0.0
ctrl,0.0
ctrl,0.0
ctrl,0.0
ctrl,0.0
ctrl,0.0
ctrl,0.0
ctrl,0.0
ctrl,0.0
ctrl,0.0
ctrl,0.0
ctrl,0.0
ctrl,0.0
ctrl,0.0
ctrl,0.0
ctrl,0.0
ctrl,0.0
ctrl,0.0
ctrl,1.7913429
ctrl,0.0
ctrl,0.0
ctrl,0.0
ctrl,0.0
ctrl,0.0
ctrl,0.0
ctrl,0.0
ctrl,0.0
ctrl,0.0
ctrl,0.0
ctrl,0.0
ctrl,0.0
ctrl,0.0
ctrl,0.0
ctrl,0.0
ctrl,0.0
ctrl,1.4041826
ctrl,1.5128881
ctrl,0.0
ctrl,0.0
ctrl,0.0
ctrl,0.0
ctrl,0.0
ctrl,0.0
ctrl,0.0
ctrl,0.0
ctrl,0.0
ctrl,0.0
ctrl,0.0
ctrl,0.0
ctrl,0.0
ctrl,0.0
ctrl,0.0
ctrl,0.0
ctrl,0.0
ctrl,0.0
ctrl,0.0
ctrl,0.0
ctrl,0.0
ctrl,0.0
ctrl,0.0
ctrl,0.0
ctrl,0.0
ctrl,0.0
ctrl,0.0
ctrl,0.0
ctrl,0.0
ctrl,0.0
ctrl,3.6904407
ctrl,0.0
ctrl,0.0
ctrl,0.0
ctrl,0.0
ctrl,0.0
ctrl,0.0
ctrl,0.0
ctrl,0.0
ctrl,0.0
ctrl,0.0
ctrl,0.0
ctrl,0.0
ctrl,0.0
ctrl,0.0
ctrl,0.0
ctrl,0.0
ctrl,0.0
ctrl,0.0
ctrl,0.0
ctrl,0.0
ctrl,1.4139961
ctrl,0.0
ctrl,0.0
ctrl,0.0
ctrl,0.0
ctrl,0.0
ctrl,0.0
ctrl,0.0
ctrl,0.0
ctrl,0.0
ctrl,0.0
ctrl,0.0
ctrl,0.0
ctrl,0.0
ctrl,0.0
ctrl,0.0
ctrl,0.0
ctrl,1.8001418
ctrl,0.0
ctrl,0.0
ctrl,0.0
ctrl,0.0
ctrl,0.0
ctrl,2.0974543
ctrl,0.0
ctrl,0.0
ctrl,0.0
ctrl,0.0
ctrl,0.0
ctrl,0.0
ctrl,2.4839904
ctrl,0.0
ctrl,0.0
ctrl,0.0
ctrl,0.0
ctrl,0.0
ctrl,0.0
ctrl,0.0
ctrl,0.0
ctrl,0.0
ctrl,0.0
ctrl,0.0
ctrl,0.0
ctrl,0.0
ctrl,0.0
ctrl,0.0
ctrl,0.0
ctrl,0.0
ctrl,0.0
ctrl,0.0
ctrl,0.0
ctrl,0.0
ctrl,0.0
ctrl,0.0
ctrl,0.0
ctrl,0.0
ctrl,0.0
ctrl,0.0
ctrl,0.0
ctrl,0.0
ctrl,0.0
ctrl,0.0
ctrl,0.0
ctrl,0.0
ctrl,0.0
ctrl,0.0
ctrl,0.0
ctrl,0.0
ctrl,0.0
ctrl,0.0
ctrl,0.0
ctrl,0.0
ctrl,0.0
ctrl,0.0
ctrl,0.0
ctrl,0.0
ctrl,0.0
ctrl,0.0
ctrl,0.0
ctrl,0.0
ctrl,0.0
ctrl,0.0
ctrl,1.559231
ctrl,0.0
ctrl,0.0
ctrl,0.0
ctrl,0.0
ctrl,0.0
ctrl,0.0
ctrl,0.0
ctrl,0.0
ctrl,0.0
ctrl,0.0
ctrl,0.0
ctrl,0.0
ctrl,0.0
ctrl,0.0
ctrl,2.295818
ctrl,0.0
ctrl,0.0
ctrl,0.0
ctrl,0.0
ctrl,0.0
ctrl,0.0
ctrl,0.0
ctrl,0.0
ctrl,0.0
ctrl,0.0
ctrl,0.0
ctrl,0.0
ctrl,0.0
ctrl,0.0
ctrl,2.8079755
ctrl,0.0
ctrl,0.0
ctrl,0.0
ctrl,0.0
ctrl,0.0
ctrl,0.0
ctrl,0.0
ctrl,0.0
ctrl,3.448617
ctrl,1.5008577
ctrl,0.0
ctrl,0.0
ctrl,0.0
ctrl,0.0
ctrl,0.0
ctrl,0.0
ctrl,0.0
ctrl,0.0
ctrl,0.0
ctrl,0.0
ctrl,0.0
ctrl,0.0
ctrl,0.0
ctrl,0.0
ctrl,0.0
ctrl,0.0
ctrl,0.0
ctrl,0.0
ctrl,0.0
ctrl,0.0
ctrl,0.0
ctrl,0.0
ctrl,0.0
ctrl,0.0
ctrl,0.0
ctrl,0.0
ctrl,0.0
ctrl,0.0
ctrl,0.0
ctrl,0.0
ctrl,0.0
ctrl,0.0
ctrl,0.0
ctrl,0.0
ctrl,0.0
ctrl,0.0
ctrl,0.0
ctrl,0.0
ctrl,0.0
ctrl,1.5156541
ctrl,0.0
ctrl,0.0
ctrl,0.0
ctrl,0.0
ctrl,0.0
ctrl,0.0
ctrl,0.0
ctrl,0.0
ctrl,0.0
ctrl,0.0
ctrl,0.0
ctrl,0.0
ctrl,0.0
ctrl,0.0
ctrl,0.0
ctrl,0.0
ctrl,0.0
ctrl,0.0
ctrl,0.0
ctrl,0.0
ctrl,0.0
ctrl,0.0
ctrl,0.0
ctrl,0.0
ctrl,0.0
ctrl,0.0
ctrl,0.0
ctrl,0.0
ctrl,0.0
ctrl,2.2803018
ctrl,0.0
ctrl,0.0
ctrl,2.5900514
ctrl,0.0
ctrl,2.4065766
ctrl,0.0
ctrl,0.0
ctrl,0.0
ctrl,0.0
ctrl,0.0
ctrl,2.4895487
ctrl,0.0
ctrl,0.0
ctrl,3.5221963
ctrl,0.0
ctrl,0.0
ctrl,0.0
ctrl,2.6453948
ctrl,0.0
ctrl,0.0
ctrl,0.0
ctrl,0.0
ctrl,0.0
ctrl,0.0
ctrl,0.0
ctrl,0.0
ctrl,0.0
ctrl,0.0
ctrl,1.8732845
ctrl,0.0
ctrl,0.0
ctrl,0.0
ctrl,1.9314787
ctrl,0.0
ctrl,0.0
ctrl,1.6139331
ctrl,0.0
ctrl,0.0
ctrl,0.0
ctrl,0.0
ctrl,0.0
ctrl,0.0
ctrl,1.7884339
ctrl,0.0
ctrl,0.0
ctrl,0.0
ctrl,0.0
ctrl,0.0
ctrl,0.0
ctrl,0.0
ctrl,0.0
ctrl,0.0
ctrl,0.0
ctrl,0.0
ctrl,0.0
ctrl,0.0
ctrl,0.0
ctrl,0.0
ctrl,0.0
ctrl,0.0
ctrl,0.0
ctrl,0.0
ctrl,0.0
ctrl,0.0
ctrl,0.0
ctrl,0.0
ctrl,0.0
ctrl,0.0
ctrl,0.0
ctrl,0.0
ctrl,0.0
ctrl,0.0
ctrl,0.0
ctrl,0.0
ctrl,0.0
ctrl,0.0
ctrl,0.0
ctrl,0.0
ctrl,0.0
ctrl,0.0
ctrl,0.0
ctrl,0.0
ctrl,0.0
ctrl,0.0
ctrl,0.0
ctrl,0.0
ctrl,0.0
ctrl,0.0
ctrl,0.0
ctrl,0.0
ctrl,0.0
ctrl,0.0
ctrl,0.0
ctrl,0.0
ctrl,0.0
ctrl,0.0
ctrl,0.0
ctrl,0.0
ctrl,0.0
ctrl,0.0
ctrl,0.0
ctrl,0.0
ctrl,0.0
ctrl,0.0
ctrl,0.0
ctrl,0.0
ctrl,2.5664275
ctrl,0.0
ctrl,0.0
ctrl,0.0
ctrl,0.0
ctrl,0.0
ctrl,0.0
ctrl,0.0
ctrl,0.0
ctrl,0.0
ctrl,0.0
ctrl,0.0
ctrl,0.0
ctrl,0.0
ctrl,0.0
ctrl,0.0
ctrl,0.0
ctrl,0.0
ctrl,0.0
ctrl,0.0
ctrl,0.0
ctrl,0.0
ctrl,1.9571365
ctrl,0.0
ctrl,0.0
ctrl,0.0
ctrl,0.0
ctrl,0.0
ctrl,0.0
ctrl,0.0
ctrl,0.0
ctrl,0.0
ctrl,0.0
ctrl,1.2864349
ctrl,0.0
ctrl,0.0
ctrl,0.0
ctrl,0.0
ctrl,0.0
ctrl,0.0
ctrl,0.0
ctrl,0.0
ctrl,0.0
ctrl,0.0
ctrl,0.0
ctrl,0.0
ctrl,0.0
ctrl,0.0
ctrl,0.0
ctrl,0.0
ctrl,0.0
ctrl,0.0
ctrl,0.0
ctrl,0.0
ctrl,0.0
ctrl,0.0
ctrl,1.3752224
ctrl,0.0
ctrl,0.0
ctrl,0.0
ctrl,0.0
ctrl,0.0
ctrl,0.0
ctrl,0.0
ctrl,0.0
ctrl,0.0
ctrl,0.0
ctrl,1.7411096
ctrl,2.4284475
ctrl,0.0
ctrl,0.0
ctrl,0.0
ctrl,0.0
ctrl,0.0
ctrl,0.0
ctrl,0.0
ctrl,0.0
ctrl,0.0
ctrl,0.0
ctrl,0.0
ctrl,0.0
ctrl,0.0
ctrl,0.0
ctrl,0.0
ctrl,0.0
ctrl,0.0
ctrl,0.0
ctrl,0.0
ctrl,0.0
ctrl,1.6158688
ctrl,0.0
ctrl,0.0
ctrl,0.0
ctrl,0.0
ctrl,0.0
ctrl,0.0
ctrl,0.0
ctrl,0.0
ctrl,0.0
ctrl,0.0
ctrl,0.0
ctrl,0.0
ctrl,0.0
ctrl,0.0
ctrl,0.0
ctrl,0.0
ctrl,0.0
ctrl,0.0
ctrl,0.0
ctrl,0.0
ctrl,0.0
ctrl,0.0
ctrl,0.0
ctrl,0.0
ctrl,0.0
ctrl,0.0
ctrl,0.0
ctrl,0.0
ctrl,0.0
ctrl,0.0
ctrl,0.0
ctrl,0.0
ctrl,0.0
ctrl,0.0
ctrl,0.0
ctrl,0.0
ctrl,0.0
ctrl,0.0
ctrl,0.0
ctrl,0.0
ctrl,0.0
ctrl,0.0
ctrl,0.0
ctrl,0.0
ctrl,2.3091817
ctrl,0.0
ctrl,0.0
ctrl,0.0
ctrl,0.0
ctrl,0.0
ctrl,0.0
ctrl,0.0
ctrl,0.0
ctrl,0.0
ctrl,0.0
ctrl,0.0
ctrl,0.0
ctrl,0.0
ctrl,0.0
ctrl,0.0
ctrl,0.0
ctrl,0.0
ctrl,0.0
ctrl,0.0
ctrl,0.0
ctrl,0.0
ctrl,0.0
ctrl,0.0
ctrl,1.634211
ctrl,0.0
ctrl,0.0
ctrl,1.4508889
ctrl,0.0
ctrl,0.0
ctrl,0.0
ctrl,0.0
ctrl,0.0
ctrl,0.0
ctrl,0.0
ctrl,0.0
ctrl,0.0
ctrl,0.0
ctrl,0.0
ctrl,0.0
ctrl,0.0
ctrl,0.0
ctrl,0.0
ctrl,0.0
ctrl,0.0
ctrl,0.0
ctrl,0.0
ctrl,0.0
ctrl,0.0
ctrl,0.0
ctrl,0.0
ctrl,0.0
ctrl,0.0
ctrl,0.0
ctrl,1.42421
ctrl,0.0
ctrl,0.0
ctrl,0.0
ctrl,0.0
ctrl,0.0
ctrl,0.0
ctrl,0.0
ctrl,0.0
ctrl,0.0
ctrl,0.0
ctrl,0.0
ctrl,0.0
ctrl,0.0
ctrl,0.0
ctrl,0.0
ctrl,0.0
ctrl,0.0
ctrl,0.0
ctrl,0.0
ctrl,0.0
ctrl,0.0
ctrl,0.0
ctrl,0.0
ctrl,0.0
ctrl,0.0
ctrl,0.0
ctrl,0.0
ctrl,0.0
ctrl,0.0
ctrl,0.0
ctrl,0.0
ctrl,0.0
ctrl,0.0
ctrl,0.0
ctrl,0.0
ctrl,0.0
ctrl,0.0
ctrl,0.0
ctrl,0.0
ctrl,0.0
ctrl,0.0
ctrl,0.0
ctrl,0.0
ctrl,0.0
ctrl,0.0
ctrl,0.0
ctrl,0.0
ctrl,0.0
ctrl,0.0
ctrl,0.0
ctrl,0.0
ctrl,0.0
ctrl,0.0
ctrl,0.0
ctrl,0.0
ctrl,0.0
ctrl,0.0
ctrl,0.0
ctrl,0.0
ctrl,0.0
ctrl,0.0
ctrl,0.0
ctrl,0.0
ctrl,0.0
ctrl,0.0
ctrl,0.0
ctrl,0.0
ctrl,0.0
ctrl,0.0
ctrl,0.0
ctrl,0.0
ctrl,0.0
ctrl,0.0
ctrl,0.0
ctrl,0.0
ctrl,0.0
ctrl,0.0
ctrl,0.0
ctrl,0.0
ctrl,0.0
ctrl,0.0
ctrl,0.0
ctrl,0.0
ctrl,0.0
ctrl,0.0
ctrl,0.0
ctrl,0.0
ctrl,0.0
ctrl,0.0
ctrl,0.0
ctrl,0.0
ctrl,0.0
ctrl,0.0
ctrl,0.0
ctrl,0.0
ctrl,0.0
ctrl,0.0
ctrl,0.0
ctrl,0.0
ctrl,0.0
ctrl,0.0
ctrl,0.0
ctrl,0.0
ctrl,0.0
ctrl,0.0
ctrl,0.0
ctrl,0.0
ctrl,0.0
ctrl,0.0
ctrl,1.8902669
ctrl,0.0
ctrl,0.0
ctrl,0.0
ctrl,0.0
ctrl,0.0
ctrl,0.0
ctrl,0.0
ctrl,0.0
ctrl,0.0
ctrl,0.0
ctrl,0.0
ctrl,0.0
ctrl,0.0
ctrl,0.0
ctrl,0.0
ctrl,0.0
ctrl,0.0
ctrl,0.0
ctrl,2.373705
ctrl,0.0
ctrl,0.0
ctrl,0.0
ctrl,0.0
ctrl,0.0
ctrl,0.0
ctrl,0.0
ctrl,0.0
ctrl,0.0
ctrl,0.0
ctrl,0.0
ctrl,0.0
ctrl,0.0
ctrl,0.0
ctrl,0.0
ctrl,0.0
ctrl,0.0
ctrl,0.0
ctrl,0.0
ctrl,0.0
ctrl,0.0
ctrl,0.0
ctrl,0.0
ctrl,0.0
ctrl,0.0
ctrl,0.0
ctrl,0.0
ctrl,0.0
ctrl,1.7679937
ctrl,0.0
ctrl,0.0
ctrl,0.0
ctrl,0.0
ctrl,0.0
ctrl,0.0
ctrl,0.0
ctrl,0.0
ctrl,0.0
ctrl,0.0
ctrl,0.0
ctrl,0.0
ctrl,0.0
ctrl,0.0
ctrl,0.0
ctrl,0.0
ctrl,0.0
ctrl,0.0
ctrl,0.0
ctrl,0.0
ctrl,0.0
ctrl,0.0
ctrl,1.5687902
ctrl,0.0
ctrl,0.0
ctrl,0.0
ctrl,0.0
ctrl,0.0
ctrl,0.0
ctrl,0.0
ctrl,0.0
ctrl,0.0
ctrl,0.0
ctrl,0.0
ctrl,0.0
ctrl,0.0
ctrl,0.0
ctrl,0.0
ctrl,0.0
ctrl,0.0
ctrl,0.0
ctrl,0.0
ctrl,0.0
ctrl,0.0
ctrl,0.0
ctrl,0.0
ctrl,0.0
ctrl,0.0
ctrl,0.0
ctrl,0.0
ctrl,0.0
ctrl,0.0
ctrl,1.4387525
ctrl,0.0
ctrl,0.0
ctrl,0.0
ctrl,0.0
ctrl,0.0
ctrl,0.0
ctrl,0.0
ctrl,0.0
ctrl,0.0
ctrl,0.0
ctrl,0.0
ctrl,0.0
ctrl,0.0
ctrl,0.0
ctrl,0.0
ctrl,0.0
ctrl,0.0
ctrl,0.0
ctrl,0.0
ctrl,0.0
ctrl,0.0
ctrl,0.0
ctrl,0.0
ctrl,0.0
ctrl,0.0
ctrl,0.0
ctrl,0.0
ctrl,0.0
ctrl,0.0
ctrl,0.0
ctrl,0.0
ctrl,0.0
ctrl,0.0
ctrl,0.0
ctrl,0.0
ctrl,0.0
ctrl,0.0
ctrl,0.0
ctrl,0.0
ctrl,0.0
ctrl,0.0
ctrl,0.0
ctrl,0.0
ctrl,0.0
ctrl,0.0
ctrl,0.0
ctrl,0.0
ctrl,0.0
ctrl,0.0
ctrl,0.0
ctrl,0.0
ctrl,0.0
ctrl,0.0
ctrl,1.6266168
ctrl,0.0
ctrl,0.0
ctrl,0.0
ctrl,1.3956671
ctrl,0.0
ctrl,0.0
ctrl,0.0
ctrl,0.0
ctrl,0.0
ctrl,0.0
ctrl,0.0
ctrl,0.0
ctrl,0.0
ctrl,0.0
ctrl,0.0
ctrl,0.0
ctrl,0.0
ctrl,0.0
ctrl,0.0
ctrl,0.0
ctrl,0.0
ctrl,1.3285235
ctrl,0.0
ctrl,0.0
ctrl,0.0
ctrl,0.0
ctrl,0.0
ctrl,0.0
ctrl,0.0
ctrl,0.0
ctrl,0.0
ctrl,0.0
ctrl,0.0
ctrl,0.0
ctrl,0.0
ctrl,0.0
ctrl,0.0
ctrl,0.0
ctrl,0.0
ctrl,0.0
ctrl,0.0
ctrl,0.0
ctrl,0.0
ctrl,0.0
ctrl,0.0
ctrl,0.0
ctrl,0.0
ctrl,0.0
ctrl,0.0
ctrl,0.0
ctrl,0.0
ctrl,0.0
ctrl,0.0
ctrl,0.0
ctrl,0.0
ctrl,0.0
ctrl,0.0
ctrl,0.0
ctrl,0.0
ctrl,0.0
ctrl,0.0
ctrl,0.0
ctrl,0.0
ctrl,0.0
ctrl,0.0
ctrl,0.0
ctrl,0.0
ctrl,0.0
ctrl,0.0
ctrl,0.0
ctrl,0.0
ctrl,0.0
ctrl,0.0
ctrl,0.0
ctrl,0.0
ctrl,0.0
ctrl,0.0
ctrl,0.0
ctrl,0.0
ctrl,0.0
ctrl,0.0
ctrl,0.0
ctrl,0.0
ctrl,0.0
ctrl,0.0
ctrl,0.0
ctrl,0.0
ctrl,0.0
ctrl,0.0
ctrl,0.0
ctrl,0.0
ctrl,0.0
ctrl,0.0
ctrl,1.5955048
ctrl,0.0
ctrl,0.0
ctrl,0.0
ctrl,0.0
ctrl,1.7469524
ctrl,0.0
ctrl,0.0
ctrl,0.0
ctrl,0.0
ctrl,0.0
ctrl,0.0
ctrl,0.0
ctrl,0.0
ctrl,2.5380533
ctrl,0.0
ctrl,0.0
ctrl,0.0
ctrl,0.0
ctrl,0.0
ctrl,0.0
ctrl,1.4069704
ctrl,0.0
ctrl,0.0
ctrl,0.0
ctrl,0.0
ctrl,0.0
ctrl,0.0
ctrl,1.6129673
ctrl,0.0
ctrl,0.0
ctrl,0.0
ctrl,0.0
ctrl,0.0
ctrl,0.0
ctrl,0.0
ctrl,0.0
ctrl,0.0
ctrl,0.0
ctrl,0.0
ctrl,0.0
ctrl,0.0
ctrl,0.0
ctrl,0.0
ctrl,0.0
ctrl,0.0
ctrl,0.0
ctrl,0.0
ctrl,0.0
ctrl,0.0
ctrl,0.0
ctrl,0.0
ctrl,0.0
ctrl,0.0
ctrl,1.695685
ctrl,0.0
ctrl,0.0
ctrl,0.0
ctrl,0.0
ctrl,0.0
ctrl,0.0
ctrl,0.0
ctrl,0.0
ctrl,0.0
ctrl,0.0
ctrl,0.0
ctrl,0.0
ctrl,0.0
ctrl,0.0
ctrl,0.0
ctrl,0.0
ctrl,0.0
ctrl,0.0
ctrl,0.0
ctrl,0.0
ctrl,0.0
ctrl,0.0
ctrl,1.7980369
ctrl,0.0
ctrl,0.0
ctrl,0.0
ctrl,0.0
ctrl,0.0
ctrl,0.0
ctrl,0.0
ctrl,0.0
ctrl,0.0
ctrl,0.0
ctrl,0.0
ctrl,0.0
ctrl,0.0
ctrl,0.0
ctrl,1.9150145
ctrl,0.0
ctrl,0.0
ctrl,0.0
ctrl,0.0
ctrl,0.0
ctrl,1.6985983
ctrl,0.0
ctrl,0.0
ctrl,0.0
ctrl,0.0
ctrl,0.0
ctrl,0.0
ctrl,0.0
ctrl,0.0
ctrl,0.0
ctrl,0.0
ctrl,0.0
ctrl,0.0
ctrl,0.0
ctrl,0.0
ctrl,0.0
ctrl,0.0
ctrl,0.0
ctrl,0.0
ctrl,0.0
ctrl,0.0
ctrl,0.0
ctrl,0.0
ctrl,0.0
ctrl,0.0
ctrl,0.0
ctrl,2.345066
ctrl,2.4006271
ctrl,0.0
ctrl,0.0
ctrl,0.0
ctrl,0.0
ctrl,0.0
ctrl,0.0
ctrl,0.0
ctrl,0.0
ctrl,0.0
ctrl,0.0
ctrl,0.0
ctrl,0.0
ctrl,0.0
ctrl,0.0
ctrl,0.0
ctrl,0.0
ctrl,0.0
ctrl,0.0
ctrl,0.0
ctrl,0.0
ctrl,1.069484
ctrl,0.0
ctrl,0.0
ctrl,0.0
ctrl,0.0
ctrl,2.3666706
ctrl,0.0
ctrl,1.3845718
ctrl,0.0
ctrl,0.0
ctrl,0.0
ctrl,0.0
ctrl,3.1220112
ctrl,0.0
ctrl,0.0
ctrl,0.0
ctrl,0.0
ctrl,0.0
ctrl,0.0
ctrl,0.0
ctrl,0.0
ctrl,0.0
ctrl,0.0
ctrl,0.0
ctrl,0.0
ctrl,0.0
ctrl,0.0
ctrl,1.3904335
ctrl,0.0
ctrl,0.0
ctrl,0.0
ctrl,0.0
ctrl,0.0
ctrl,0.0
ctrl,0.0
ctrl,0.0
ctrl,0.0
ctrl,0.0
ctrl,0.0
ctrl,0.0
ctrl,1.6236684
ctrl,0.0
ctrl,0.0
ctrl,0.0
ctrl,0.0
ctrl,0.0
ctrl,0.0
ctrl,0.0
ctrl,0.0
ctrl,0.0
ctrl,0.0
ctrl,0.0
ctrl,0.0
ctrl,0.0
ctrl,0.0
ctrl,0.0
ctrl,0.0
ctrl,0.0
ctrl,0.0
ctrl,1.5524459
ctrl,0.0
ctrl,0.0
ctrl,0.0
ctrl,0.0
ctrl,0.0
ctrl,0.0
ctrl,0.0
ctrl,0.0
ctrl,0.0
ctrl,0.0
ctrl,0.0
ctrl,0.0
ctrl,0.0
ctrl,0.0
ctrl,0.0
ctrl,0.0
ctrl,0.0
ctrl,0.0
ctrl,0.0
ctrl,0.0
ctrl,0.0
ctrl,0.0
ctrl,0.0
ctrl,0.0
ctrl,0.0
ctrl,0.0
ctrl,0.0
ctrl,0.0
ctrl,0.0
ctrl,0.0
ctrl,0.0
ctrl,0.0
ctrl,0.0
ctrl,0.0
ctrl,0.0
ctrl,0.0
ctrl,0.0
ctrl,0.0
ctrl,0.0
ctrl,0.0
ctrl,1.6564897
ctrl,0.0
ctrl,0.0
ctrl,0.0
ctrl,0.0
ctrl,0.0
ctrl,0.0
ctrl,0.0
ctrl,0.0
ctrl,0.0
ctrl,1.7736579
ctrl,0.0
ctrl,0.0
ctrl,0.0
ctrl,0.0
ctrl,2.436787
ctrl,0.0
ctrl,0.0
ctrl,0.0
ctrl,0.0
ctrl,0.0
ctrl,0.0
ctrl,0.0
ctrl,0.0
ctrl,0.0
ctrl,0.0
ctrl,0.0
ctrl,0.0
ctrl,0.0
ctrl,0.0
ctrl,0.0
ctrl,0.0
ctrl,0.0
ctrl,0.0
ctrl,0.0
ctrl,0.0
ctrl,0.0
ctrl,0.0
ctrl,2.8549352
ctrl,0.0
ctrl,0.0
ctrl,0.0
ctrl,0.0
ctrl,0.0
ctrl,0.0
ctrl,0.0
ctrl,0.0
ctrl,2.4114132
ctrl,0.0
ctrl,0.0
ctrl,0.0
ctrl,0.0
ctrl,0.0
ctrl,0.0
ctrl,0.0
ctrl,0.0
ctrl,0.0
ctrl,0.0
ctrl,0.0
ctrl,0.0
ctrl,0.0
ctrl,0.0
ctrl,0.0
ctrl,0.0
ctrl,0.0
ctrl,0.0
ctrl,0.0
ctrl,0.0
ctrl,0.0
ctrl,0.0
ctrl,0.0
ctrl,0.0
ctrl,0.0
ctrl,0.0
ctrl,0.0
ctrl,0.0
ctrl,0.0
ctrl,0.0
ctrl,0.0
ctrl,0.0
ctrl,0.0
ctrl,0.0
ctrl,0.0
ctrl,0.0
ctrl,0.0
ctrl,0.0
ctrl,0.0
ctrl,0.0
ctrl,0.0
ctrl,0.0
ctrl,0.0
ctrl,0.0
ctrl,0.0
ctrl,0.0
ctrl,0.0
ctrl,0.0
ctrl,0.0
ctrl,0.0
ctrl,0.0
ctrl,0.0
ctrl,0.0
ctrl,0.0
ctrl,0.0
ctrl,0.0
ctrl,0.0
ctrl,0.0
ctrl,0.0
ctrl,0.0
ctrl,0.0
ctrl,0.0
ctrl,0.0
ctrl,0.0
ctrl,0.0
ctrl,0.0
ctrl,0.0
ctrl,0.0
ctrl,0.0
ctrl,0.0
ctrl,0.0
ctrl,0.0
ctrl,0.0
ctrl,0.0
ctrl,0.0
ctrl,0.0
ctrl,0.0
ctrl,0.0
ctrl,2.8638523
ctrl,0.0
ctrl,2.2206755
ctrl,0.0
ctrl,0.0
ctrl,0.0
ctrl,0.0
ctrl,0.0
ctrl,0.0
ctrl,0.0
ctrl,0.0
ctrl,1.500587
ctrl,0.0
ctrl,0.0
ctrl,0.0
ctrl,0.0
ctrl,0.0
ctrl,0.0
ctrl,0.0
ctrl,0.0
ctrl,0.0
ctrl,0.0
ctrl,0.0
ctrl,0.0
ctrl,2.4379303
ctrl,0.0
ctrl,0.0
ctrl,0.0
ctrl,0.0
ctrl,0.0
ctrl,0.0
ctrl,0.0
ctrl,0.0
ctrl,0.0
ctrl,0.0
ctrl,0.0
ctrl,0.0
ctrl,0.0
ctrl,0.0
ctrl,0.0
ctrl,0.0
ctrl,0.0
ctrl,0.0
ctrl,0.0
ctrl,0.0
ctrl,0.0
ctrl,0.0
ctrl,0.0
ctrl,0.0
ctrl,0.0
ctrl,0.0
ctrl,0.0
ctrl,0.0
ctrl,0.0
ctrl,0.0
ctrl,0.0
ctrl,0.0
ctrl,0.0
ctrl,0.0
ctrl,0.0
ctrl,0.0
ctrl,2.1219668
ctrl,0.0
ctrl,0.0
ctrl,0.0
ctrl,0.0
ctrl,0.0
ctrl,0.0
ctrl,0.0
ctrl,0.0
ctrl,0.0
ctrl,0.0
ctrl,0.0
ctrl,0.0
ctrl,0.0
ctrl,0.0
ctrl,0.0
ctrl,0.0
ctrl,2.6466115
ctrl,0.0
ctrl,0.0
ctrl,0.0
ctrl,0.0
ctrl,1.5939399
ctrl,0.0
ctrl,0.0
ctrl,0.0
ctrl,0.0
ctrl,0.0
ctrl,0.0
ctrl,0.0
ctrl,0.0
ctrl,0.0
ctrl,0.0
ctrl,0.0
ctrl,1.9411254
ctrl,0.0
ctrl,0.0
ctrl,0.0
ctrl,0.0
ctrl,0.0
ctrl,0.0
ctrl,0.0
ctrl,1.9434285
ctrl,0.0
ctrl,0.0
ctrl,0.0
ctrl,0.0
ctrl,0.0
ctrl,0.0
ctrl,0.0
ctrl,0.0
ctrl,1.2550893
ctrl,0.0
ctrl,0.0
ctrl,0.0
ctrl,0.0
ctrl,0.0
ctrl,0.0
ctrl,0.0
ctrl,0.0
ctrl,0.0
ctrl,0.0
ctrl,0.0
ctrl,0.0
ctrl,0.0
ctrl,0.0
ctrl,0.0
ctrl,0.0
ctrl,1.2969605
ctrl,0.0
ctrl,2.234709
ctrl,0.0
ctrl,1.5245867
ctrl,0.0
ctrl,0.0
ctrl,2.5532148
ctrl,0.0
ctrl,0.0
ctrl,0.0
ctrl,0.0
ctrl,0.0
ctrl,0.0
ctrl,0.0
ctrl,0.0
ctrl,0.0
ctrl,0.0
ctrl,0.0
ctrl,0.0
ctrl,0.0
ctrl,0.0
ctrl,0.0
ctrl,0.0
ctrl,0.0
ctrl,0.0
ctrl,0.0
ctrl,0.0
ctrl,0.0
ctrl,0.0
ctrl,0.0
ctrl,0.0
ctrl,0.0
ctrl,0.0
ctrl,0.0
ctrl,0.0
ctrl,0.0
ctrl,0.0
ctrl,0.0
ctrl,0.0
ctrl,0.0
ctrl,0.0
ctrl,0.0
ctrl,0.0
ctrl,0.0
ctrl,0.0
ctrl,0.0
ctrl,0.0
ctrl,0.0
ctrl,0.0
ctrl,0.0
ctrl,0.0
ctrl,0.0
ctrl,0.0
ctrl,0.0
ctrl,1.9810015
ctrl,0.0
ctrl,0.0
ctrl,1.4034876
ctrl,0.0
ctrl,0.0
ctrl,0.0
ctrl,0.0
ctrl,0.0
ctrl,0.0
ctrl,0.0
ctrl,0.0
ctrl,0.0
ctrl,0.0
ctrl,0.0
ctrl,0.0
ctrl,0.0
ctrl,1.3716989
ctrl,0.0
ctrl,0.0
ctrl,0.0
ctrl,0.0
ctrl,0.0
ctrl,1.4237311
ctrl,0.0
ctrl,0.0
ctrl,0.0
ctrl,0.0
ctrl,0.0
ctrl,1.49627
ctrl,0.0
ctrl,0.0
ctrl,1.5279688
ctrl,0.0
ctrl,0.0
ctrl,0.0
ctrl,0.0
ctrl,0.0
ctrl,1.6223621
ctrl,0.0
ctrl,0.0
ctrl,0.0
ctrl,0.0
ctrl,0.0
ctrl,0.0
ctrl,0.0
ctrl,0.0
ctrl,0.0
ctrl,0.0
ctrl,0.0
ctrl,0.0
ctrl,0.0
ctrl,0.0
ctrl,0.0
ctrl,0.0
ctrl,0.0
ctrl,0.0
ctrl,0.0
ctrl,0.0
ctrl,0.0
ctrl,0.0
ctrl,0.0
ctrl,0.0
ctrl,0.0
ctrl,0.0
ctrl,0.0
ctrl,0.0
ctrl,0.0
ctrl,0.0
ctrl,0.0
ctrl,0.0
ctrl,0.0
ctrl,0.0
ctrl,2.626154
ctrl,0.0
ctrl,0.0
ctrl,0.0
ctrl,0.0
ctrl,0.0
ctrl,0.0
ctrl,0.0
ctrl,0.0
ctrl,0.0
ctrl,0.0
ctrl,0.0
ctrl,0.0
ctrl,0.0
ctrl,0.0
ctrl,0.0
ctrl,0.0
ctrl,0.0
ctrl,0.0
ctrl,0.0
ctrl,0.0
ctrl,0.0
ctrl,0.0
ctrl,0.0
ctrl,0.0
ctrl,0.0
ctrl,0.0
ctrl,0.0
ctrl,0.0
ctrl,0.0
ctrl,0.0
ctrl,0.0
ctrl,0.0
ctrl,0.0
ctrl,0.0
ctrl,0.0
ctrl,0.0
ctrl,0.0
ctrl,0.0
ctrl,0.0
ctrl,0.0
ctrl,0.0
ctrl,0.0
ctrl,0.0
ctrl,0.0
ctrl,0.0
ctrl,0.0
ctrl,0.0
ctrl,0.0
ctrl,0.0
ctrl,1.915508
ctrl,0.0
ctrl,0.0
ctrl,0.0
ctrl,0.0
ctrl,0.0
ctrl,0.0
ctrl,0.0
ctrl,0.0
ctrl,0.0
ctrl,1.6520432
ctrl,0.0
ctrl,0.0
ctrl,0.0
ctrl,0.0
ctrl,0.0
ctrl,0.0
ctrl,0.0
ctrl,0.0
ctrl,0.0
ctrl,0.0
ctrl,0.0
ctrl,0.0
ctrl,0.0
ctrl,0.0
ctrl,0.0
ctrl,0.0
ctrl,0.0
ctrl,0.0
ctrl,0.0
ctrl,0.0
ctrl,0.0
ctrl,0.0
ctrl,0.0
ctrl,0.0
ctrl,0.0
ctrl,0.0
ctrl,0.0
ctrl,0.0
ctrl,2.139625
ctrl,0.0
ctrl,0.0
ctrl,0.0
ctrl,0.0
ctrl,0.0
ctrl,0.0
ctrl,1.8001418
ctrl,2.298366
ctrl,0.0
ctrl,0.0
ctrl,0.0
ctrl,0.0
ctrl,0.0
ctrl,0.0
ctrl,0.0
ctrl,0.0
ctrl,0.0
ctrl,0.0
ctrl,0.0
ctrl,0.0
ctrl,0.0
ctrl,0.0
ctrl,0.0
ctrl,0.0
ctrl,0.0
ctrl,0.0
ctrl,1.5382227
ctrl,0.0
ctrl,0.0
ctrl,0.0
ctrl,0.0
ctrl,1.7193415
ctrl,0.0
ctrl,0.0
ctrl,0.0
ctrl,0.0
ctrl,0.0
ctrl,0.0
ctrl,0.0
ctrl,0.0
ctrl,0.0
ctrl,0.0
ctrl,0.0
ctrl,0.0
ctrl,1.7314786
ctrl,0.0
ctrl,0.0
ctrl,0.0
ctrl,0.0
ctrl,0.0
ctrl,0.0
ctrl,0.0
ctrl,0.0
ctrl,0.0
ctrl,0.0
ctrl,0.0
ctrl,0.0
ctrl,0.0
ctrl,0.0
ctrl,0.0
ctrl,0.0
ctrl,0.0
ctrl,0.0
ctrl,0.0
ctrl,0.0
ctrl,0.0
ctrl,0.0
ctrl,0.0
ctrl,0.0
ctrl,0.0
ctrl,0.0
ctrl,0.0
ctrl,0.0
ctrl,0.0
ctrl,0.0
ctrl,0.0
ctrl,0.0
ctrl,0.0
ctrl,0.0
ctrl,0.0
ctrl,0.0
ctrl,0.0
ctrl,0.0
ctrl,0.0
ctrl,0.0
ctrl,0.0
ctrl,0.0
ctrl,0.0
ctrl,0.0
ctrl,0.0
ctrl,0.0
ctrl,0.0
ctrl,0.0
ctrl,0.0
ctrl,1.7647772
ctrl,0.0
ctrl,0.0
ctrl,0.0
ctrl,0.0
ctrl,0.0
ctrl,1.4348408
ctrl,2.9579933
ctrl,0.0
ctrl,0.0
ctrl,0.0
ctrl,0.0
ctrl,0.0
ctrl,0.0
ctrl,0.0
ctrl,0.0
ctrl,0.0
ctrl,0.0
ctrl,0.0
ctrl,0.0
ctrl,0.0
ctrl,0.0
ctrl,0.0
ctrl,0.0
ctrl,0.0
ctrl,0.0
ctrl,0.0
ctrl,0.0
ctrl,0.0
ctrl,0.0
ctrl,0.0
ctrl,0.0
ctrl,0.0
ctrl,0.0
ctrl,0.0
ctrl,0.0
ctrl,0.0
ctrl,1.92595
ctrl,0.0
ctrl,0.0
ctrl,0.0
ctrl,0.0
ctrl,0.0
ctrl,0.0
ctrl,0.0
ctrl,0.0
ctrl,0.0
ctrl,0.0
ctrl,2.4870176
ctrl,0.0
ctrl,0.0
ctrl,0.0
ctrl,0.0
ctrl,1.415175
ctrl,0.0
ctrl,0.0
ctrl,0.0
ctrl,0.0
ctrl,0.0
ctrl,0.0
ctrl,0.0
ctrl,0.0
ctrl,0.0
ctrl,0.0
ctrl,0.0
ctrl,2.3248446
ctrl,0.0
ctrl,0.0
ctrl,0.0
ctrl,1.9573106
ctrl,0.0
ctrl,0.0
ctrl,0.0
ctrl,0.0
ctrl,0.0
ctrl,1.6527255
ctrl,0.0
ctrl,1.3563104
ctrl,0.0
ctrl,0.0
ctrl,0.0
ctrl,0.0
ctrl,0.0
ctrl,0.0
ctrl,0.0
ctrl,0.0
ctrl,0.0
ctrl,0.0
ctrl,0.0
ctrl,0.0
ctrl,0.0
ctrl,0.0
ctrl,2.4910707
ctrl,0.0
ctrl,0.0
ctrl,0.0
ctrl,0.0
ctrl,0.0
ctrl,0.0
ctrl,0.0
ctrl,0.0
ctrl,0.0
ctrl,0.0
ctrl,0.0
ctrl,0.0
ctrl,0.0
ctrl,0.0
ctrl,0.0
ctrl,0.0
ctrl,0.0
ctrl,0.0
ctrl,0.0
ctrl,0.0
ctrl,0.0
ctrl,0.0
ctrl,0.0
ctrl,1.9772393
ctrl,0.0
ctrl,0.0
ctrl,0.0
ctrl,0.0
ctrl,0.0
ctrl,0.0
ctrl,0.0
ctrl,0.0
ctrl,0.0
ctrl,0.0
ctrl,0.0
ctrl,0.0
ctrl,0.0
ctrl,0.0
ctrl,0.0
ctrl,0.0
ctrl,0.0
ctrl,0.0
ctrl,2.3519182
ctrl,0.0
ctrl,0.0
ctrl,0.0
ctrl,0.0
ctrl,0.0
ctrl,0.0
ctrl,0.0
ctrl,0.0
ctrl,0.0
ctrl,0.0
ctrl,0.0
ctrl,0.0
ctrl,0.0
ctrl,0.0
ctrl,0.0
ctrl,0.0
ctrl,0.0
ctrl,0.0
ctrl,0.0
ctrl,2.2973459
ctrl,0.0
ctrl,0.0
ctrl,0.0
ctrl,0.0
ctrl,0.0
ctrl,0.0
ctrl,0.0
ctrl,0.0
ctrl,0.0
ctrl,0.0
ctrl,0.0
ctrl,0.0
ctrl,0.0
ctrl,0.0
ctrl,0.0
ctrl,0.0
ctrl,0.0
ctrl,0.0
ctrl,0.0
ctrl,0.0
ctrl,0.0
ctrl,0.0
ctrl,0.0
ctrl,0.0
ctrl,0.0
ctrl,0.0
ctrl,2.3382704
ctrl,0.0
ctrl,0.0
ctrl,0.0
ctrl,0.0
ctrl,0.0
ctrl,0.0
ctrl,0.0
ctrl,0.0
ctrl,0.0
ctrl,0.0
ctrl,0.0
ctrl,0.0
ctrl,0.0
ctrl,0.0
ctrl,0.0
ctrl,0.0
ctrl,0.0
ctrl,0.0
ctrl,0.0
ctrl,0.0
ctrl,0.0
ctrl,0.0
ctrl,0.0
ctrl,0.0
ctrl,0.0
ctrl,0.0
ctrl,0.0
ctrl,0.0
ctrl,0.0
ctrl,0.0
ctrl,0.0
ctrl,0.0
ctrl,0.0
ctrl,0.0
ctrl,0.0
ctrl,0.0
ctrl,2.0311065
ctrl,0.0
ctrl,0.0
ctrl,0.0
ctrl,0.0
ctrl,0.0
ctrl,0.0
ctrl,0.0
ctrl,0.0
ctrl,2.5423577
ctrl,0.0
ctrl,0.0
ctrl,0.0
ctrl,0.0
ctrl,0.0
ctrl,0.0
ctrl,0.0
ctrl,0.0
ctrl,0.0
ctrl,0.0
ctrl,0.0
ctrl,0.0
ctrl,0.0
ctrl,1.8562305
ctrl,0.0
ctrl,1.5645909
ctrl,0.0
ctrl,0.0
ctrl,0.0
ctrl,0.0
ctrl,0.0
ctrl,0.0
ctrl,0.0
ctrl,0.0
ctrl,0.0
ctrl,0.0
ctrl,0.0
ctrl,0.0
ctrl,0.0
ctrl,0.0
ctrl,0.0
ctrl,0.0
ctrl,0.0
ctrl,0.0
ctrl,0.0
ctrl,0.0
ctrl,0.0
ctrl,0.0
ctrl,0.0
ctrl,0.0
ctrl,0.0
ctrl,1.7011575
ctrl,0.0
ctrl,0.0
ctrl,0.0
ctrl,0.0
ctrl,0.0
ctrl,1.3469712
ctrl,0.0
ctrl,0.0
ctrl,0.0
ctrl,0.0
ctrl,0.0
ctrl,0.0
ctrl,0.0
ctrl,0.0
ctrl,0.0
ctrl,0.0
ctrl,0.0
ctrl,0.0
ctrl,0.0
ctrl,0.0
ctrl,0.0
ctrl,0.0
ctrl,0.0
ctrl,0.0
ctrl,0.0
ctrl,0.0
ctrl,0.0
ctrl,0.0
ctrl,0.0
ctrl,0.0
ctrl,0.0
ctrl,0.0
ctrl,0.0
ctrl,0.0
ctrl,0.0
ctrl,0.0
ctrl,0.0
ctrl,0.0
ctrl,0.0
ctrl,0.0
ctrl,0.0
ctrl,1.2929186
ctrl,0.0
ctrl,0.0
ctrl,0.0
ctrl,0.0
ctrl,0.0
ctrl,0.0
ctrl,0.0
ctrl,0.0
ctrl,0.0
ctrl,0.0
ctrl,0.0
ctrl,0.0
ctrl,1.3220309
ctrl,0.0
ctrl,0.0
ctrl,0.0
ctrl,0.0
ctrl,0.0
ctrl,0.0
ctrl,0.0
ctrl,0.0
ctrl,0.0
ctrl,0.0
ctrl,1.3929309
ctrl,0.0
ctrl,0.0
ctrl,0.0
ctrl,0.0
ctrl,0.0
ctrl,0.0
ctrl,0.0
ctrl,0.0
ctrl,0.0
ctrl,0.0
ctrl,2.4153492
ctrl,0.0
ctrl,0.0
ctrl,2.5391273
ctrl,0.0
ctrl,0.0
ctrl,0.0
ctrl,0.0
ctrl,0.0
ctrl,0.0
ctrl,0.0
ctrl,0.0
ctrl,0.0
ctrl,0.0
ctrl,0.0
ctrl,0.0
ctrl,0.0
ctrl,0.0
ctrl,0.0
ctrl,0.0
ctrl,0.0
ctrl,0.0
ctrl,0.0
ctrl,0.0
ctrl,0.0
ctrl,0.0
ctrl,1.2279704
ctrl,0.0
ctrl,0.0
ctrl,0.0
ctrl,0.0
ctrl,0.0
ctrl,0.0
ctrl,0.0
ctrl,0.0
ctrl,0.0
ctrl,0.0
ctrl,0.0
ctrl,0.0
ctrl,0.0
ctrl,3.6278026
ctrl,0.0
ctrl,0.0
ctrl,0.0
ctrl,0.0
ctrl,0.0
ctrl,0.0
ctrl,0.0
ctrl,0.0
ctrl,0.0
ctrl,0.0
ctrl,0.0
ctrl,0.0
ctrl,0.0
ctrl,0.0
ctrl,0.0
ctrl,0.0
ctrl,0.0
ctrl,0.0
ctrl,0.0
ctrl,0.0
ctrl,0.0
ctrl,0.0
ctrl,0.0
ctrl,1.7942638
ctrl,0.0
ctrl,0.0
ctrl,0.0
ctrl,0.0
ctrl,0.0
ctrl,0.0
ctrl,0.0
ctrl,0.0
ctrl,0.0
ctrl,0.0
ctrl,0.0
ctrl,0.0
ctrl,0.0
ctrl,0.0
ctrl,0.0
ctrl,0.0
ctrl,0.0
ctrl,0.0
ctrl,0.0
ctrl,0.0
ctrl,0.0
ctrl,0.0
ctrl,0.0
ctrl,2.4739776
ctrl,4.177227
ctrl,0.0
ctrl,0.0
ctrl,0.0
ctrl,0.0
ctrl,0.0
ctrl,0.0
ctrl,0.0
ctrl,0.0
ctrl,0.0
ctrl,0.0
ctrl,0.0
ctrl,0.0
ctrl,0.0
ctrl,0.0
ctrl,0.0
ctrl,0.0
ctrl,0.0
ctrl,0.0
ctrl,0.0
ctrl,0.0
ctrl,0.0
ctrl,0.0
ctrl,0.0
ctrl,0.0
ctrl,0.0
ctrl,0.0
ctrl,0.0
ctrl,0.0
ctrl,0.0
ctrl,0.0
ctrl,0.0
ctrl,0.0
ctrl,0.0
ctrl,0.0
ctrl,0.0
ctrl,0.0
ctrl,0.0
ctrl,0.0
ctrl,0.0
ctrl,0.0
ctrl,0.0
ctrl,0.0
ctrl,0.0
ctrl,0.0
ctrl,0.0
ctrl,0.0
ctrl,0.0
ctrl,0.0
ctrl,0.0
ctrl,0.0
ctrl,0.0
ctrl,0.0
ctrl,0.0
ctrl,0.0
ctrl,0.0
ctrl,0.0
ctrl,0.0
ctrl,0.0
ctrl,0.0
ctrl,0.0
ctrl,0.0
ctrl,0.0
ctrl,0.0
ctrl,0.0
ctrl,0.0
ctrl,0.0
ctrl,0.0
ctrl,0.0
ctrl,0.0
ctrl,0.0
ctrl,0.0
ctrl,0.0
ctrl,0.0
ctrl,0.0
ctrl,0.0
ctrl,0.0
ctrl,0.0
ctrl,0.0
ctrl,0.0
ctrl,0.0
ctrl,0.0
ctrl,0.0
ctrl,0.0
ctrl,1.9219549
ctrl,0.0
ctrl,0.0
ctrl,0.0
ctrl,0.0
ctrl,0.0
ctrl,0.0
ctrl,0.0
ctrl,1.953751
ctrl,0.0
ctrl,0.0
ctrl,0.0
ctrl,0.0
ctrl,0.0
ctrl,0.0
ctrl,0.0
ctrl,0.0
ctrl,0.0
ctrl,0.0
ctrl,0.0
ctrl,0.0
ctrl,0.0
ctrl,0.0
ctrl,0.0
ctrl,0.0
ctrl,0.0
ctrl,0.0
ctrl,0.0
ctrl,0.0
ctrl,0.0
ctrl,0.0
ctrl,0.0
ctrl,0.0
ctrl,0.0
ctrl,0.0
ctrl,0.0
ctrl,0.0
ctrl,0.0
ctrl,0.0
ctrl,0.0
ctrl,0.0
ctrl,0.0
ctrl,0.0
ctrl,0.0
ctrl,0.0
ctrl,0.0
ctrl,0.0
ctrl,0.0
ctrl,0.0
ctrl,0.0
ctrl,0.0
ctrl,0.0
ctrl,0.0
ctrl,0.0
ctrl,0.0
ctrl,0.0
ctrl,0.0
ctrl,0.0
ctrl,0.0
ctrl,1.5784906
ctrl,0.0
ctrl,0.0
ctrl,0.0
ctrl,0.0
ctrl,0.0
ctrl,0.0
ctrl,0.0
ctrl,0.0
ctrl,0.0
ctrl,0.0
ctrl,0.0
ctrl,0.0
ctrl,0.0
ctrl,0.0
ctrl,0.0
ctrl,0.0
ctrl,0.0
ctrl,0.0
ctrl,0.0
ctrl,0.0
ctrl,0.0
ctrl,0.0
ctrl,0.0
ctrl,0.0
ctrl,0.0
ctrl,0.0
ctrl,0.0
ctrl,0.0
ctrl,0.0
ctrl,0.0
ctrl,0.0
ctrl,0.0
ctrl,0.0
ctrl,0.0
ctrl,0.0
ctrl,0.0
ctrl,0.0
ctrl,0.0
ctrl,0.0
ctrl,0.0
ctrl,0.0
ctrl,0.0
ctrl,0.0
ctrl,0.0
ctrl,0.0
ctrl,0.0
ctrl,0.0
ctrl,0.0
ctrl,0.0
ctrl,0.0
ctrl,0.0
ctrl,0.0
ctrl,0.0
ctrl,0.0
ctrl,0.0
ctrl,0.0
ctrl,0.0
ctrl,0.0
ctrl,1.2595904
ctrl,0.0
ctrl,0.0
ctrl,0.0
ctrl,0.0
ctrl,0.0
ctrl,0.0
ctrl,0.0
ctrl,0.0
ctrl,0.0
ctrl,0.0
ctrl,0.0
ctrl,0.0
ctrl,0.0
ctrl,0.0
ctrl,0.0
ctrl,0.0
ctrl,0.0
ctrl,0.0
ctrl,0.0
ctrl,0.0
ctrl,0.0
ctrl,0.0
ctrl,0.0
ctrl,0.0
ctrl,0.0
ctrl,0.0
ctrl,0.0
ctrl,0.0
ctrl,0.0
ctrl,0.0
ctrl,0.0
ctrl,3.0974605
ctrl,0.0
ctrl,0.0
ctrl,0.0
ctrl,0.0
ctrl,0.0
ctrl,0.0
ctrl,0.0
ctrl,0.0
ctrl,0.0
ctrl,0.0
ctrl,0.0
ctrl,0.0
ctrl,1.574229
ctrl,0.0
ctrl,0.0
ctrl,0.0
ctrl,0.0
ctrl,0.0
ctrl,0.0
ctrl,0.0
ctrl,0.0
stim,3.2379766
stim,2.33153
stim,2.1775575
stim,3.301568
stim,3.4599893
stim,3.620403
stim,1.8030989
stim,3.0011318
stim,3.5296664
stim,3.990483
stim,4.006422
stim,3.5301256
stim,3.690889
stim,3.600564
stim,4.2950068
stim,3.9149618
stim,2.6958776
stim,3.60964
stim,2.9579108
stim,2.6776004
stim,3.797838
stim,3.4253178
stim,2.9262452
stim,3.10761
stim,3.8519108
stim,4.375539
stim,3.5458758
stim,4.5848203
stim,3.8875198
stim,4.071259
stim,4.0444355
stim,3.440786
stim,3.6183414
stim,3.5097888
stim,0.0
stim,3.4082158
stim,3.0784814
stim,3.7415395
stim,3.093432
stim,3.6225734
stim,4.2211843
stim,4.325286
stim,3.9401572
stim,3.276303
stim,2.2232423
stim,3.5264575
stim,3.7420921
stim,3.6632206
stim,2.359117
stim,3.3666685
stim,4.3092427
stim,3.3372738
stim,2.7977886
stim,3.9913642
stim,2.902878
stim,2.9719496
stim,3.5726142
stim,2.107231
stim,3.2746701
stim,3.9044416
stim,3.293375
stim,3.7293112
stim,4.1117487
stim,3.9579115
stim,2.8963892
stim,3.9524705
stim,2.7777603
stim,4.1809077
stim,1.9948666
stim,3.6416566
stim,2.9470954
stim,3.7198365
stim,2.3292956
stim,3.9405377
stim,4.088031
stim,3.9373562
stim,4.406945
stim,3.037775
stim,2.6588748
stim,3.619519
stim,3.8410192
stim,3.8590791
stim,4.5384426
stim,4.52802
stim,3.1989706
stim,3.710974
stim,3.9663754
stim,4.138814
stim,3.9814928
stim,3.0280068
stim,4.6151204
stim,3.6232293
stim,3.7407146
stim,4.1010876
stim,4.394943
stim,4.058501
stim,3.0356767
stim,2.9969046
stim,2.8691676
stim,4.7565193
stim,2.1727157
stim,1.8807838
stim,3.8102744
stim,3.6022189
stim,3.8429322
stim,3.5176895
stim,3.3328435
stim,3.7178745
stim,3.4630787
stim,4.2063656
stim,3.4213948
stim,0.0
stim,3.8701246
stim,3.5117013
stim,3.721409
stim,4.124993
stim,3.569382
stim,3.5153122
stim,4.29584
stim,3.5001347
stim,4.001516
stim,2.4806397
stim,3.7451127
stim,4.3242626
stim,3.358264
stim,2.964363
stim,3.8883002
stim,3.360274
stim,4.5664887
stim,3.729708
stim,2.7189443
stim,4.0152397
stim,4.393133
stim,3.7590294
stim,3.5382767
stim,4.528438
stim,3.010868
stim,3.9896803
stim,2.600378
stim,2.3545027
stim,3.3100035
stim,3.9089277
stim,3.701294
stim,3.1028595
stim,4.0730653
stim,3.6385603
stim,4.2855406
stim,3.324276
stim,2.7322755
stim,3.3991144
stim,3.429522
stim,2.7407115
stim,3.8571293
stim,4.115355
stim,3.7761867
stim,0.0
stim,2.815324
stim,3.8135972
stim,4.0041547
stim,4.225492
stim,4.0704203
stim,3.2322588
stim,4.0088744
stim,4.6764016
stim,3.3404956
stim,3.7370791
stim,2.8931623
stim,2.668312
stim,4.9046426
stim,4.3547735
stim,3.409672
stim,3.6725814
stim,3.2112277
stim,3.877817
stim,3.5737503
stim,2.977092
stim,2.849423
stim,3.70497
stim,4.276282
stim,3.5688076
stim,3.807174
stim,4.010973
stim,2.887543
stim,3.9683561
stim,4.1896806
stim,3.9752758
stim,3.974635
stim,3.8132832
stim,3.4229238
stim,4.3575106
stim,4.128242
stim,3.4378662
stim,3.8048592
stim,4.316389
stim,2.197936
stim,3.892824
stim,3.1644506
stim,3.9583313
stim,4.204278
stim,3.9881828
stim,3.3447082
stim,4.2389803
stim,2.8109076
stim,4.040696
stim,1.8228403
stim,3.2355373
stim,3.3727183
stim,3.5180862
stim,4.0511193
stim,3.147594
stim,3.840064
stim,4.2524114
stim,3.3273954
stim,3.1770241
stim,3.7778018
stim,3.5269153
stim,4.1001143
stim,4.1261096
stim,4.0314965
stim,3.5393586
stim,3.9149468
stim,3.9116147
stim,4.382787
stim,3.7882245
stim,3.5812733
stim,1.8964969
stim,3.1636367
stim,4.075338
stim,4.0622425
stim,3.8252234
stim,3.7723212
stim,3.1256473
stim,3.4701595
stim,3.592371
stim,0.0
stim,3.3840523
stim,4.02491
stim,3.797838
stim,3.3558574
stim,2.0977678
stim,2.8774636
stim,3.6604488
stim,4.601747
stim,4.542885
stim,0.0
stim,3.7287445
stim,3.5163682
stim,2.4870176
stim,3.800425
stim,3.2144322
stim,3.6715853
stim,3.0545778
stim,3.4800293
stim,3.5469663
stim,4.3438053
stim,3.577462
stim,3.3948176
stim,3.4584982
stim,2.7595606
stim,4.0211377
stim,3.6971295
stim,3.476551
stim,3.7625384
stim,3.5645893
stim,2.443672
stim,2.184876
stim,3.1931264
stim,3.5280604
stim,4.307245
stim,3.5535364
stim,3.5873182
stim,3.6002753
stim,3.3462927
stim,3.4201272
stim,2.8207521
stim,2.455274
stim,3.3297007
stim,0.0
stim,2.6945899
stim,3.1586776
stim,4.576603
stim,3.3383965
stim,4.270485
stim,3.1688046
stim,3.6007638
stim,2.6915927
stim,3.5862777
stim,2.5205235
stim,2.9990158
stim,3.8892117
stim,3.119423
stim,3.2536004
stim,4.486056
stim,3.460985
stim,3.6727061
stim,3.5404415
stim,2.049153
stim,4.2634196
stim,4.2387
stim,4.344739
stim,4.3937626
stim,3.6242435
stim,3.7231596
stim,3.640817
stim,3.1914477
stim,3.8869348
stim,3.4838705
stim,3.6242435
stim,4.4072433
stim,4.0140824
stim,3.4652274
stim,4.408776
stim,3.0461905
stim,3.4047256
stim,3.1371696
stim,3.8820186
stim,2.792499
stim,2.8347206
stim,3.2865746
stim,3.896084
stim,3.437502
stim,3.5524383
stim,4.001968
stim,4.1993876
stim,3.5007281
stim,3.9884715
stim,3.1405137
stim,4.47061
stim,2.4121065
stim,2.0509222
stim,4.122252
stim,3.7830975
stim,3.8469124
stim,2.8312078
stim,3.9097764
stim,4.526813
stim,3.0151608
stim,3.9802032
stim,4.581597
stim,4.598661
stim,3.6703413
stim,3.032091
stim,2.949236
stim,4.262988
stim,2.5597956
stim,3.650354
stim,4.0706186
stim,3.241716
stim,3.5964584
stim,3.329268
stim,3.398715
stim,0.0
stim,2.6890318
stim,3.9920888
stim,3.324608
stim,3.8352451
stim,4.4029517
stim,3.939777
stim,4.4519854
stim,3.3004491
stim,4.3204937
stim,4.08592
stim,3.6828535
stim,3.649847
stim,4.24941
stim,3.4291608
stim,3.782934
stim,4.665919
stim,4.282249
stim,3.8212838
stim,4.168889
stim,3.7712152
stim,3.3510628
stim,2.3124545
stim,4.0587735
stim,1.917981
stim,4.0747175
stim,2.9075031
stim,3.7089007
stim,3.1657548
stim,3.6324494
stim,4.4912767
stim,4.022573
stim,3.1753745
stim,4.002583
stim,2.8377426
stim,3.7033389
stim,3.1228411
stim,3.3423362
stim,3.850962
stim,3.4248385
stim,2.3728223
stim,2.3807993
stim,2.7163024
stim,4.570175
stim,2.7354155
stim,3.9962604
stim,3.3931398
stim,3.13154
stim,2.2943468
stim,4.1273727
stim,4.6438756
stim,2.5675378
stim,2.4611359
stim,3.521134
stim,4.0391293
stim,2.0816321
stim,3.6031659
stim,2.6997519
stim,3.8078365
stim,3.876582
stim,3.7049394
stim,3.43141
stim,3.5382767
stim,2.5095532
stim,3.839746
stim,3.7694206
stim,4.506296
stim,3.7356803
stim,4.3345957
stim,4.100286
stim,3.5719237
stim,3.7607706
stim,3.3094952
stim,4.0453515
stim,3.7174826
stim,2.9407046
stim,3.3779557
stim,2.6521087
stim,4.565807
stim,3.8575656
stim,3.5232596
stim,4.5729914
stim,4.2015457
stim,3.6236517
stim,2.8560932
stim,2.7229226
stim,4.401387
stim,3.575773
stim,4.2446094
stim,2.6453948
stim,4.388541
stim,4.324474
stim,1.36667
stim,4.0182223
stim,0.0
stim,3.577462
stim,4.0985703
stim,3.3663309
stim,4.1729984
stim,3.3074648
stim,3.739783
stim,2.7644236
stim,3.8230329
stim,0.0
stim,4.0265307
stim,3.9943683
stim,3.8026814
stim,3.2793727
stim,4.170243
stim,3.2523453
stim,2.1590421
stim,3.9412673
stim,3.2740993
stim,4.458291
stim,0.0
stim,3.5398226
stim,4.4253216
stim,3.387499
stim,3.845617
stim,3.1671696
stim,3.4144232
stim,3.3222868
stim,0.0
stim,2.921246
stim,4.055908
stim,3.218492
stim,4.0841002
stim,3.561814
stim,3.6073442
stim,3.1070998
stim,3.0062912
stim,3.1040447
stim,3.34947
stim,2.095889
stim,3.0228775
stim,1.9375569
stim,3.6435668
stim,3.7940204
stim,3.377538
stim,3.8761547
stim,3.0392992
stim,4.4282117
stim,3.5720677
stim,2.5434372
stim,3.6432602
stim,4.1307487
stim,3.6268306
stim,4.3026814
stim,0.0
stim,3.8742194
stim,4.2520094
stim,3.7571242
stim,3.4930232
stim,3.9574273
stim,1.9032655
stim,3.987317
stim,3.4107013
stim,3.8880215
stim,3.6858811
stim,3.2957084
stim,2.7644236
stim,3.8554254
stim,4.271511
stim,4.727388
stim,3.779194
stim,3.4119895
stim,4.2869716
stim,3.324276
stim,3.9116147
stim,3.8474112
stim,3.933461
stim,4.351933
stim,3.2016802
stim,2.5631053
stim,4.467219
stim,4.9512453
stim,3.5413089
stim,3.854169
stim,4.200331
stim,3.9217248
stim,3.7200985
stim,4.1850624
stim,4.5185547
stim,4.057717
stim,2.9864228
stim,0.0
stim,3.907623
stim,3.9694812
stim,3.66631
stim,3.3937356
stim,3.5289524
stim,3.329268
stim,4.049053
stim,3.9404426
stim,3.6080422
stim,3.2998903
stim,3.9667664
stim,3.8698692
stim,4.384622
stim,3.3349085
stim,3.4593112
stim,4.1010876
stim,4.0111294
stim,4.139454
stim,4.7848134
stim,3.6442876
stim,3.4111795
stim,3.3680687
stim,3.9016666
stim,2.9012516
stim,4.1506557
stim,4.110481
stim,3.023808
stim,2.5137157
stim,4.1886706
stim,2.8931623
stim,3.446653
stim,3.9814496
stim,2.9678564
stim,1.7269024
stim,4.0659714
stim,3.942984
stim,3.1166358
stim,0.0
stim,3.4134083
stim,3.6346846
stim,3.4384494
stim,4.770821
stim,3.6612694
stim,4.31914
stim,3.1117015
stim,4.047475
stim,3.6494415
stim,4.074201
stim,3.9607775
stim,3.2038312
stim,2.0521038
stim,4.351933
stim,2.933516
stim,4.239963
stim,2.784861
stim,4.0462003
stim,3.344972
stim,3.5084782
stim,1.7639754
stim,4.14602
stim,3.4049265
stim,3.9986343
stim,4.2416034
stim,3.5977771
stim,4.200466
stim,4.176753
stim,3.8218553
stim,2.6738229
stim,3.8099928
stim,3.9844005
stim,3.1614153
stim,3.6688733
stim,3.1912613
stim,3.9142644
stim,3.6365018
stim,2.4042833
stim,3.9906023
stim,3.6678586
stim,3.882462
stim,4.0720177
stim,2.8443255
stim,3.370692
stim,2.9184804
stim,3.9703312
stim,3.2490067
stim,3.1313903
stim,3.8211484
stim,3.4035203
stim,3.3033257
stim,3.3671415
stim,4.3250756
stim,2.9004393
stim,3.4295738
stim,3.6297495
stim,3.4597762
stim,3.058599
stim,3.968038
stim,0.0
stim,3.8474112
stim,4.064152
stim,3.9696298
stim,3.4272373
stim,3.4915216
stim,0.0
stim,4.050996
stim,4.50539
stim,3.0887544
stim,3.987317
stim,4.2022657
stim,4.042986
stim,4.429303
stim,2.3942668
stim,3.2166705
stim,2.021387
stim,3.815525
stim,3.5055015
stim,3.794735
stim,2.681394
stim,1.489583
stim,4.1041217
stim,4.5973535
stim,2.4700055
stim,3.1808853
stim,3.83657
stim,3.655978
stim,2.7097318
stim,4.015418
stim,3.5371962
stim,2.8190215
stim,4.03983
stim,4.550835
stim,3.2245252
stim,4.3061604
stim,2.0067565
stim,3.0548668
stim,2.2440767
stim,3.7014222
stim,3.045884
stim,4.202935
stim,3.8930526
stim,3.4789846
stim,3.674791
stim,4.284011
stim,3.6278026
stim,3.6074216
stim,4.001968
stim,3.6831973
stim,3.6707559
stim,4.044362
stim,0.0
stim,3.4561172
stim,3.4143555
stim,2.7535765
stim,3.8840153
stim,3.7430117
stim,3.6879048
stim,3.3955915
stim,4.397708
stim,3.5409837
stim,3.7804725
stim,3.5868058
stim,4.0591664
stim,3.6573784
stim,4.234501
stim,3.7870648
stim,3.1656926
stim,3.7237728
stim,3.9339287
stim,4.4202466
stim,3.883083
stim,3.8682876
stim,3.1287754
stim,3.6385603
stim,3.932643
stim,4.3139877
stim,3.688665
stim,2.8415346
stim,2.8319592
stim,4.6892433
stim,3.8805237
stim,4.4347773
stim,3.4481254
stim,3.9426088
stim,3.8938172
stim,4.315738
stim,3.6328077
stim,2.7735267
stim,4.003777
stim,3.1069298
stim,2.3075502
stim,3.743551
stim,0.0
stim,3.4335034
stim,3.4659781
stim,3.8039286
stim,3.3941991
stim,3.3072698
stim,2.3745885
stim,2.863333
stim,3.7529094
stim,4.4054217
stim,3.7823346
stim,3.5781386
stim,3.3091567
stim,3.8937254
stim,4.378773
stim,1.71634
stim,3.5623684
stim,3.477691
stim,3.7657037
stim,3.845169
stim,3.2346997
stim,3.0540965
stim,3.5206513
stim,3.4698913
stim,4.4951105
stim,3.3868086
stim,3.276303
stim,4.832157
stim,3.7681801
stim,3.9318256
stim,2.7749355
stim,3.2359283
stim,3.7999718
stim,3.9708414
stim,3.4490638
stim,4.0075574
stim,3.2634
stim,3.3345919
stim,3.8799088
stim,4.030988
stim,3.0894213
stim,3.5244577
stim,3.6415703
stim,4.28626
stim,4.0703025
stim,2.8654125
stim,3.0572298
stim,2.2803018
stim,2.9629693
stim,4.2937336
stim,2.964799
stim,3.4664788
stim,3.5755134
stim,3.9108152
stim,2.5327032
stim,3.1981816
stim,3.9891734
stim,4.199976
stim,3.656153
stim,3.8767877
stim,3.493269
stim,3.6201925
stim,3.5822072
stim,3.4608853
stim,3.7389956
stim,2.615516
stim,3.6731422
stim,3.5181658
stim,4.269811
stim,3.918248
stim,3.4182491
stim,3.8199742
stim,3.596243
stim,4.2839227
stim,3.8995311
stim,3.451324
stim,3.1558044
stim,4.382994
stim,4.2278194
stim,3.7654748
stim,3.9860196
stim,3.7428968
stim,4.891205
stim,3.6904407
stim,3.6245396
stim,3.4308956
stim,3.5533795
stim,3.021484
stim,3.5503826
stim,3.6641464
stim,4.3029385
stim,3.481337
stim,3.855785
stim,3.7565532
stim,4.342667
stim,3.4986823
stim,3.9081542
stim,4.4976425
stim,2.0535834
stim,2.7367644
stim,3.4448156
stim,4.350479
stim,4.2782083
stim,3.9986343
stim,4.712254
stim,3.109142
stim,3.994353
stim,3.4946992
stim,2.899898
stim,2.8685405
stim,2.8094404
stim,4.041917
stim,3.810491
stim,4.4761643
stim,3.3803895
stim,3.997759
stim,4.3946686
stim,0.0
stim,3.7447383
stim,4.261419
stim,3.8643956
stim,4.0427895
stim,4.3662934
stim,4.139574
stim,2.4709966
stim,2.5821044
stim,3.2971003
stim,4.486056
stim,3.5720983
stim,4.409712
stim,2.8205047
stim,3.8042536
stim,3.1964936
stim,3.532886
stim,3.5482569
stim,3.2061007
stim,4.2763596
stim,3.0249257
stim,2.3933623
stim,3.6011827
stim,3.992524
stim,3.7074132
stim,3.1739104
stim,4.2001576
stim,4.191517
stim,4.2626143
stim,4.355499
stim,4.262506
stim,4.0897937
stim,2.8963892
stim,3.3172345
stim,3.0083022
stim,2.5194726
stim,2.0023108
stim,3.8823068
stim,3.5895844
stim,3.7816896
stim,4.1042085
stim,3.6458006
stim,4.1020617
stim,3.356258
stim,2.5976887
stim,3.6378393
stim,3.3138247
stim,3.8449655
stim,4.1943717
stim,2.6053946
stim,3.907168
stim,4.1203346
stim,4.2074547
stim,2.8912852
stim,4.482951
stim,3.3159544
stim,4.1362143
stim,3.8140788
stim,3.9687653
stim,4.387887
stim,3.0145464
stim,3.997282
stim,3.4567118
stim,3.59452
stim,3.7346158
stim,3.8855712
stim,3.8286762
stim,2.7390177
stim,4.0607214
stim,3.495732
stim,3.5229938
stim,3.9163537
stim,3.4877565
stim,3.8669474
stim,3.0960195
stim,4.1322103
stim,3.4402988
stim,3.951636
stim,2.678863
stim,4.4221334
stim,3.455523
stim,2.7526596
stim,3.8703334
stim,3.6893532
stim,3.9948761
stim,4.0390835
stim,4.065246
stim,3.1864293
stim,3.3575203
stim,2.6782315
stim,2.9143484
stim,3.7640564
stim,3.021948
stim,3.5155385
stim,2.6409476
stim,3.2423656
stim,3.5601525
stim,3.9791913
stim,4.0023193
stim,4.500174
stim,3.1017964
stim,3.801825
stim,0.0
stim,3.164761
stim,3.7946143
stim,4.6555467
stim,3.4364097
stim,4.278427
stim,2.85147
stim,4.0977826
stim,4.0360036
stim,3.4607358
stim,3.6362681
stim,4.518181
stim,3.8315105
stim,3.5146341
stim,3.7101095
stim,4.0734906
stim,3.2894711
stim,3.5420685
stim,3.3168077
stim,3.8701246
stim,4.307245
stim,2.9307127
stim,4.349774
stim,3.6825101
stim,4.105505
stim,3.9707282
stim,3.6521814
stim,3.6683235
stim,2.9442496
stim,3.0565057
stim,2.5708776
stim,4.290854
stim,3.4359248
stim,2.176864
stim,2.8638523
stim,4.010086
stim,4.0365887
stim,0.0
stim,3.8015397
stim,3.613646
stim,4.165761
stim,3.9808922
stim,3.4151456
stim,2.8257158
stim,2.9873166
stim,4.164889
stim,4.215415
stim,2.9343588
stim,3.1086311
stim,3.8154047
stim,3.4086866
stim,2.800687
stim,3.9085796
stim,4.30224
stim,4.052291
stim,4.4007072
stim,3.461483
stim,4.306637
stim,3.6814377
stim,3.1504414
stim,3.2032647
stim,2.7744658
stim,3.9677198
stim,3.5090022
stim,4.1626096
stim,4.284828
stim,4.099142
stim,4.308045
stim,3.6154041
stim,3.3854294
stim,2.7834363
stim,3.8040154
stim,3.7380068
stim,3.388651
stim,3.322802
stim,2.8883436
stim,3.8599632
stim,2.5137157
stim,4.0456486
stim,3.2388487
stim,3.764674
stim,3.7844338
stim,4.1740236
stim,3.8643956
stim,3.4697404
stim,0.0
stim,3.2021327
stim,2.9864228
stim,3.868211
stim,3.8286414
stim,3.790055
stim,4.5325994
stim,4.031139
stim,3.1596851
stim,1.9390842
stim,4.2309785
stim,4.2715416
stim,2.8145866
stim,3.5770395
stim,3.3712952
stim,2.8726234
stim,4.245858
stim,3.8278592
stim,0.0
stim,3.292931
stim,3.0303478
stim,3.8712745
stim,3.6317003
stim,3.0301604
stim,4.371029
stim,4.2230754
stim,1.9003571
stim,0.0
stim,3.5801222
stim,3.4939253
stim,3.9853716
stim,3.6625268
stim,4.175593
stim,2.9234645
stim,3.6255767
stim,3.7202294
stim,3.8074777
stim,3.9161174
stim,3.6971295
stim,3.801825
stim,2.2395668
stim,2.3588278
stim,4.2278194
stim,4.507087
stim,2.5714355
stim,2.3290167
stim,3.8403075
stim,4.2985806
stim,4.736342
stim,3.5954475
stim,0.0
stim,3.168441
stim,3.8235378
stim,3.8720193
stim,4.0787573
stim,4.2661366
stim,3.7375293
stim,2.9873166
stim,3.5105758
stim,2.870894
stim,3.875599
stim,3.696272
stim,3.6530964
stim,4.5149727
stim,2.913936
stim,2.919724
stim,3.3902657
stim,4.489824
stim,3.047384
stim,3.580425
stim,3.6460428
stim,3.3202283
stim,0.0
stim,3.9462624
stim,4.1126637
stim,3.4403682
stim,3.6586053
stim,4.416214
stim,3.1953697
stim,3.8645587
stim,3.3959231
stim,3.630864
stim,4.1572113
stim,3.909832
stim,3.0961156
stim,4.6212325
stim,3.5528042
stim,4.0698657
stim,3.4986823
stim,3.5477462
stim,2.9603043
stim,4.893166
stim,2.089038
stim,3.8205113
stim,4.8087683
stim,2.9748845
stim,3.656306
stim,4.091688
stim,3.367682
stim,3.9314172
stim,3.6233559
stim,3.7077363
stim,3.9064991
stim,0.0
stim,3.245364
stim,4.2234674
stim,4.4053216
stim,3.8489087
stim,3.94168
stim,3.430317
stim,3.711136
stim,2.9954
stim,3.308915
stim,2.6948044
stim,3.260102
stim,4.062279
stim,1.6328841
stim,3.3522592
stim,3.3429005
stim,2.9909003
stim,2.7075527
stim,4.5369177
stim,3.9727151
stim,2.1499438
stim,4.347473
stim,3.6124759
stim,3.9004796
stim,2.7851462
stim,3.677471
stim,3.9575968
stim,3.705369
stim,0.0
stim,3.241224
stim,3.737546
stim,2.5510323
stim,2.910235
stim,4.15104
stim,4.3777595
stim,3.4498956
stim,3.283687
stim,3.4776564
stim,3.5200727
stim,3.4291608
stim,2.305922
stim,3.8284457
stim,4.2439322
stim,4.226156
stim,3.1499069
stim,3.5953813
stim,3.632718
stim,3.836253
stim,3.3813038
stim,3.7083828
stim,3.9723277
stim,3.6604488
stim,3.982138
stim,3.8574784
stim,3.0496159
stim,2.889947
stim,4.030121
stim,3.484483
stim,3.344972
stim,2.6688116
stim,3.518748
stim,3.6686027
stim,0.0
stim,3.7606442
stim,3.4659781
stim,3.993046
stim,4.257109
stim,3.453827
stim,3.1904418
stim,3.5948071
stim,3.2849236
stim,4.014566
stim,3.4663537
stim,4.4131274
stim,3.6650732
stim,1.7930106
stim,1.7659817
stim,3.3515942
stim,3.0746765
stim,4.5926895
stim,4.053681
stim,3.4060528
stim,4.461162
stim,3.7800074
stim,4.2923775
stim,2.5806527
stim,3.152583
stim,3.9127584
stim,3.516685
stim,3.713851
stim,3.5695627
stim,3.5446503
stim,3.698729
stim,3.4680831
stim,3.4226847
stim,4.0118604
stim,4.037409
stim,2.893001
stim,3.8886907
stim,3.1856883
stim,4.2873926
stim,3.2414207
stim,3.9569046
stim,2.8377426
stim,2.85147
stim,4.2103806
stim,3.650582
stim,3.124919
stim,2.8262136
stim,2.3741465
stim,3.816201
stim,3.4201272
stim,3.3108513
stim,3.1815488
stim,3.5511222
stim,3.7625034
stim,2.5897663
stim,4.4053373
stim,4.0072103
stim,5.0880795
stim,3.8851821
stim,2.7554133
stim,3.5455487
stim,3.9472675
stim,3.8404531
stim,3.2084897
stim,0.0
stim,2.933516
stim,3.7332869
stim,2.602304
stim,3.3219435
stim,3.819102
stim,1.5763564
stim,2.7813034
stim,4.455283
stim,4.187605
stim,3.8734138
stim,3.8172812
stim,3.4077454
stim,3.479213
stim,2.4209378
stim,3.2998903
stim,4.321403
stim,4.2192965
stim,2.7282548
stim,4.164141
stim,0.0
stim,3.3564806
stim,4.026032
stim,4.2425795
stim,3.3649814
stim,3.1408665
stim,3.1741195
stim,3.907623
stim,3.7459354
stim,3.971863
stim,4.2240815
stim,4.3263783
stim,1.8821986
stim,4.063527
stim,2.749229
stim,2.7977886
stim,3.1413958
stim,4.11794
stim,3.6465275
stim,4.0288773
stim,3.9471984
stim,3.0247395
stim,3.3943677
stim,3.6525733
stim,3.8929608
stim,3.3975673
stim,3.7742603
stim,3.7698343
stim,4.125651
stim,3.680795
stim,2.194385
stim,4.2995453
stim,2.8217425
stim,3.7525141
stim,4.2971034
stim,1.9945923
stim,0.0
stim,4.2686133
stim,3.64008
stim,3.480901
stim,4.3888216
stim,3.0211227
stim,3.3434136
stim,4.148407
stim,4.037409
stim,2.2137494
stim,4.2569103
stim,4.503549
stim,2.7915406
stim,3.9255028
stim,0.0
stim,4.199991
stim,3.450585
stim,3.461483
stim,3.133371
stim,3.2990522
stim,4.1097503
stim,3.5590467
stim,3.7583563
stim,4.4337482
stim,4.2470965
stim,2.9508088
stim,4.054619
stim,3.477767
stim,3.778471
stim,4.074201
stim,2.7245188
stim,3.3895733
stim,2.6694365
stim,0.0
stim,2.9843411
stim,2.9442496
stim,0.0
stim,3.1184635
stim,3.2398481
stim,0.0
stim,3.8092735
stim,4.0910945
stim,2.5813513
stim,3.7103257
stim,2.6030755
stim,0.0
stim,3.7907598
stim,3.8685036
stim,2.5524867
stim,3.0139325
stim,3.0864246
stim,4.113771
stim,4.300184
stim,2.3416612
stim,3.3542564
stim,4.2339425
stim,3.6106784
stim,1.9951411
stim,4.0545154
stim,3.3357792
stim,3.26989
stim,3.8274193
stim,3.7001853
stim,2.7363145
stim,3.426597
stim,3.679553
stim,3.745891
stim,4.2316318
stim,3.5734134
stim,3.1633656
stim,4.1628556
stim,3.004163
stim,4.2188725
stim,3.541216
stim,3.1702604
stim,3.6439853
stim,3.5801222
stim,4.2143083
stim,3.2211826
stim,3.0086682
stim,3.8141227
stim,2.9598415
stim,4.72432
stim,3.7035897
stim,3.1802714
stim,2.7637272
stim,3.7045681
stim,3.9864519
stim,2.6915927
stim,1.5849353
stim,4.0756226
stim,2.5963473
stim,3.712532
stim,2.6539488
stim,4.404775
stim,3.7641022
stim,4.1411533
stim,3.360823
stim,3.7065735
stim,2.8800294
stim,3.8099928
stim,5.278363
stim,4.276982
stim,3.1282532
stim,4.179625
stim,3.193687
stim,4.293873
stim,3.6638615
stim,2.966108
stim,2.684187
stim,4.317352
stim,3.464906
stim,3.9407518
stim,3.6106784
stim,3.0464292
stim,2.635721
stim,3.2636075
stim,4.374893
stim,2.9937773
stim,4.1639414
stim,3.409472
stim,3.5279148
stim,3.743702
stim,2.0444553
stim,3.5402868
stim,4.1861157
stim,3.6501715
stim,3.9974966
stim,3.3670063
stim,4.4894886
stim,3.605601
stim,3.9304261
stim,3.8429322
stim,4.3375783
stim,4.581257
stim,0.0
stim,2.9360466
stim,3.8495512
stim,4.1035247
stim,4.0155797
stim,4.3794804
stim,3.5668156
stim,3.010868
stim,3.9462624
stim,3.9632146
stim,2.3306916
stim,4.1069474
stim,3.6873987
stim,4.199603
stim,3.7048318
stim,1.7871907
stim,3.0598896
stim,3.366781
stim,2.8646321
stim,2.8912852
stim,2.6588748
stim,4.0486875
stim,2.6470988
stim,4.160933
stim,3.9852421
stim,4.1253786
stim,2.5064447
stim,3.9061534
stim,3.8834972
stim,3.2580965
stim,2.7815402
stim,3.5216649
stim,4.621017
stim,3.848659
stim,3.2150438
stim,3.463193
stim,4.0174565
stim,3.6088283
stim,4.0329523
stim,3.5268135
stim,3.9499695
stim,3.8464496
stim,3.4481254
stim,3.5609434
stim,4.176961
stim,3.7805388
stim,2.5736704
stim,3.4047701
stim,4.16828
stim,3.773983
stim,3.3331692
stim,3.093145
stim,3.5278316
stim,4.0342007
stim,3.9279819
stim,3.0850296
stim,3.4870522
stim,4.005869
stim,4.8822937
stim,3.1782358
stim,3.5685685
stim,4.301006
stim,3.856432
stim,2.3290167
stim,4.2686133
stim,4.3777595
stim,3.8942204
stim,3.5563977
stim,4.1056423
stim,3.3780165
stim,2.743088
stim,3.8220954
stim,3.333821
stim,2.3010566
stim,3.4581258
stim,4.065152
stim,3.824028
stim,2.8816936
stim,3.612242
stim,3.8223035
stim,4.2196593
stim,3.9763825
stim,3.771314
stim,2.8287072
stim,4.074517
stim,3.605485
stim,4.4130616
stim,4.011505
stim,4.4507256
stim,0.0
stim,3.781496
stim,3.579154
stim,3.3320117
stim,3.740053
stim,4.037272
stim,2.2376947
stim,4.172464
stim,3.5640335
stim,3.9039125
stim,3.7305021
stim,2.1563354
stim,3.689172
stim,3.5564713
stim,3.7479494
stim,3.8190508
stim,2.8599644
stim,3.5842483
stim,3.9409971
stim,4.4084554
stim,3.782934
stim,4.5290775
stim,4.098032
stim,2.409337
stim,3.733951
stim,4.7780995
stim,4.1986694
stim,3.5318115
stim,2.852239
stim,3.6221147
stim,3.775297
stim,2.8164318
stim,4.291274
stim,3.6830897
stim,3.6612694
stim,3.9379728
stim,3.7276123
stim,3.56809
stim,3.4212515
stim,4.1051054
stim,3.154085
stim,3.2194905
stim,3.4007142
stim,4.2551355
stim,3.7880437
stim,2.1304195
stim,3.241784
stim,3.036935
stim,3.4349556
stim,3.166988
stim,2.7198267
stim,2.3357363
stim,4.07101
stim,3.199873
stim,3.8355138
stim,3.8140788
stim,4.203708
stim,3.3718987
stim,2.0881083
stim,4.1549625
stim,4.1428723
stim,3.010868
stim,3.3824809
stim,3.8110728
stim,0.0
stim,3.3112755
stim,3.9140177
stim,3.6843662
stim,3.4167278
stim,4.543926
stim,3.5762923
stim,3.2215676
stim,3.7160587
stim,3.8969278
stim,2.7192752
stim,3.2533014
stim,3.308915
stim,2.811887
stim,3.365581
stim,4.5432544
stim,3.4939253
stim,2.8661933
stim,2.7618728
stim,2.8975213
stim,3.6196368
stim,2.9268024
stim,3.2586977
stim,3.1158116
stim,2.3108163
stim,4.0083156
stim,3.7874413
stim,3.9050772
stim,4.3414392
stim,4.100531
stim,3.1880991
stim,3.8833492
stim,2.120029
stim,3.8056853
stim,3.4200156
stim,3.9236903
stim,3.2808087
stim,3.7065735
stim,3.993046
stim,3.0282874
stim,3.6218784
stim,4.314423
stim,3.4753366
stim,3.6666195
stim,3.319265
stim,4.314828
stim,4.3536296
stim,3.3171492
stim,3.6782465
stim,3.9757032
stim,4.2616944
stim,3.4131243
stim,3.6666195
stim,3.7781496
stim,3.0845745
stim,3.616578
stim,3.6104898
stim,3.5462391
stim,4.1712418
stim,3.2637227
stim,4.8629537
stim,4.390944
stim,2.9868696
stim,2.74964
stim,3.244574
stim,3.332648
stim,2.2306216
stim,2.4982107
stim,3.9953125
stim,4.6802416
stim,2.6478302
stim,4.165501
stim,3.4498274
stim,3.4151456
stim,3.2704651
stim,3.7316947
stim,3.229691
stim,2.4547875
stim,3.7710178
stim,4.3383346
stim,3.9578147
stim,3.9525464
stim,4.1522126
stim,4.390149
stim,0.0
stim,0.0
stim,3.5366561
stim,2.6759193
stim,2.7870026
stim,2.7948995
stim,3.466479
stim,3.6850603
stim,3.1086311
stim,0.0
stim,4.0918813
stim,4.4489264
stim,4.090917
stim,3.4782887
stim,3.893389
stim,3.5666564
stim,4.0646324
stim,3.3749223
stim,4.161643
stim,2.9099066
stim,4.2420726
stim,3.1457174
stim,3.417322
stim,4.2878985
stim,3.2481909
stim,1.9831597
stim,3.4320538
stim,0.0
stim,4.270351
stim,3.4338992
stim,2.3834753
stim,3.204146
stim,3.6218784
stim,2.8006873
stim,3.738371
stim,4.0292883
stim,4.209624
stim,3.5204263
stim,0.0
stim,3.737851
stim,3.2414207
stim,3.8793628
stim,3.4256375
stim,3.3489397
stim,4.2166977
stim,4.4774356
stim,3.459691
stim,2.6864786
stim,0.0
stim,3.714548
stim,3.036126
stim,4.1853104
stim,3.659778
stim,4.119271
stim,2.9201386
stim,4.009993
stim,3.9585898
stim,3.7690067
stim,3.8332324
stim,3.245364
stim,4.426577
stim,4.4067607
stim,3.98674
stim,2.8247206
stim,4.177543
stim,3.424551
stim,4.447764
stim,3.7112334
stim,3.6147006
stim,3.1462917
stim,4.140551
stim,3.272328
stim,4.064308
stim,3.2346997
stim,4.4164233
stim,4.297213
stim,3.3151019
stim,3.9035347
stim,2.8572528
stim,3.2720227
stim,3.933543
stim,3.3584125
stim,2.305109
stim,2.4803052
stim,4.37127
stim,3.43141
stim,3.1086311
stim,2.6393359
stim,4.4998055
stim,3.2971282
stim,3.2254272
stim,3.63227
stim,4.8244295
stim,3.8290694
stim,4.7142878
stim,3.5795305
stim,3.786538
stim,3.4496002
stim,3.1411312
stim,3.0316615
stim,3.9012709
stim,4.306771
stim,2.766167
stim,3.5645893
stim,4.218137
stim,4.398672
stim,2.0345666
stim,3.8066065
stim,3.0618289
stim,4.291931
stim,2.9338531
stim,4.118527
stim,2.7735267
stim,4.4459395
stim,3.9372096
stim,3.3658807
stim,3.5069828
stim,2.987913
stim,3.090222
stim,3.5307384
stim,3.7882245
stim,4.0144
stim,4.156769
stim,3.1429856
stim,3.833742
stim,4.1219535
stim,3.4656315
stim,2.9690242
stim,0.0
stim,3.92653
stim,2.9259667
stim,2.8216188
stim,2.8535218
stim,3.5238984
stim,2.7019117
stim,2.3644845
stim,3.5022137
stim,0.0
stim,3.568377
stim,3.8001144
stim,3.6744938
stim,3.5450587
stim,3.41931
stim,4.2507253
stim,3.6409676
stim,3.7542322
stim,3.9402366
stim,3.7386138
stim,3.2769845
stim,3.5711436
stim,2.930153
stim,3.0117862
stim,3.9344687
stim,3.8949602
stim,2.9201386
stim,3.2701945
stim,3.1731791
stim,3.8129408
stim,3.4306061
stim,4.6977096
stim,4.2944126
stim,3.439951
stim,4.118114
stim,4.564566
stim,4.147969
stim,3.6083915
stim,3.9024892
stim,3.5893703
stim,3.5768986
stim,4.080572
stim,4.7801843
stim,3.530381
stim,3.2963762
stim,3.7891746
stim,2.9807832
stim,3.1709893
stim,2.2783337
stim,3.2536004
stim,3.9901536
stim,4.203275
stim,3.7795427
stim,3.198069
stim,3.4153037
stim,4.0591664
stim,3.9151642
stim,3.3979166
stim,4.1696725
stim,3.475539
stim,3.1341178
stim,0.0
stim,3.1408665
stim,3.8519108
stim,3.542146
stim,3.083935
stim,3.3525915
stim,4.3666997
stim,2.1922622
stim,3.4510775
stim,2.0550659
stim,3.2535188
stim,3.8642323
stim,3.7668035
stim,3.0929296
stim,2.6822395
stim,3.3734093
stim,3.7809377
stim,2.1258566
stim,3.9704332
stim,4.4643583
stim,4.5790186
stim,4.027974
stim,4.487648
stim,2.981079
stim,2.7877178
stim,4.386356
stim,3.600564
stim,4.5827885
stim,3.8474112
stim,3.5029945
stim,3.964228
stim,3.518801
stim,3.3680203
stim,3.0072048
stim,2.582858
stim,3.9238608
stim,2.7554133
stim,2.605588
stim,3.88653
stim,3.3202283
stim,3.2004373
stim,3.4674814
stim,3.4795938
stim,3.2437847
stim,2.4802217
stim,3.9942658
stim,4.1784215
stim,2.7798843
stim,3.6748579
stim,4.480733
stim,3.6121418
stim,3.6915617
stim,3.7089007
stim,4.3124037
stim,2.9755902
stim,3.5192053
stim,3.398715
stim,3.5770395
stim,3.8157663
stim,3.6719782
stim,3.9400303
stim,3.988356
stim,3.109142
stim,3.956653
stim,3.662758
stim,3.2562287
stim,3.5216649
stim,3.1806643
stim,3.1522257
stim,2.423746
stim,4.0394306
stim,3.399664
stim,3.452557
stim,3.7029004
stim,3.4806104
stim,3.6318862
stim,4.221919
stim,4.448042
stim,4.1927485
stim,4.525654
stim,3.6892989
stim,3.8578274
stim,4.1152396
stim,4.3177447
stim,3.8043187
stim,4.188114
stim,3.275078
stim,3.7622225
stim,2.9063036
stim,3.833152
stim,4.1557837
stim,2.8928938
stim,3.845617
stim,3.2256203
stim,3.3553996
stim,3.1779754
stim,3.8840153
stim,2.975767
stim,3.8035386
stim,2.7693136
stim,3.6802123
stim,3.6043248
stim,2.8171709
stim,3.1629007
stim,0.0
stim,2.2670116
stim,3.1797805
stim,3.616813
stim,4.0590496
stim,3.5991213
stim,3.9394813
stim,4.4049554
stim,3.6184886
stim,4.109891
stim,3.714548
stim,1.654434
stim,3.5137308
stim,3.9709344
stim,3.5248573
stim,3.732623
stim,3.706352
stim,3.1861513
stim,3.6589124
stim,4.5793934
stim,4.426577
stim,3.7041416
stim,3.3279712
stim,3.5579422
stim,3.569047
stim,3.669099
stim,3.9826076
stim,3.3344734
stim,3.754945
stim,3.3979166
stim,4.4662285
stim,3.7657037
stim,3.3236618
stim,4.1812935
stim,4.0148697
stim,4.0583506
stim,2.6807609
stim,3.9715436
stim,3.559348
stim,3.7466602
stim,3.5766172
stim,1.9279557
stim,3.500654
stim,0.0
stim,3.671585
stim,3.5642717
stim,3.2308571
stim,4.1591177
stim,3.276167
stim,4.176296
stim,3.1527972
stim,2.6807609
stim,4.2562923
stim,2.2874265
stim,3.7243648
stim,3.6737213
stim,3.068649
stim,4.4701276
stim,3.3465865
stim,0.0
stim,4.2258635
stim,3.6460803
stim,4.210353
stim,4.1169734
stim,3.9006953
stim,3.730105
stim,4.0313787
stim,3.0929296
stim,4.0723944
stim,3.418392
stim,3.3480566
stim,3.229691
stim,4.0917034
stim,4.270658
stim,3.7631311
stim,3.5228608
stim,4.1908045
stim,3.0801306
stim,2.9513814
stim,3.9609742
stim,3.3575947
stim,3.877726
stim,3.80549
stim,4.348938
stim,3.3758314
stim,3.8109183
stim,2.8138494
stim,2.8955812
stim,3.6965542
stim,4.2783055
stim,3.8266869
stim,3.503255
stim,3.7801003
stim,3.5141823
stim,3.7164145
stim,2.756103
stim,2.4190707
stim,4.206599
stim,2.62141
stim,3.3883874
stim,3.5496202
stim,4.7029095
stim,3.0989757
stim,3.3504555
stim,3.7240357
stim,3.0256717
stim,3.486016
stim,4.423859
stim,4.3116474
stim,3.4885252
stim,3.0657198
stim,2.842802
stim,4.198311
stim,4.260244
stim,4.2962427
stim,3.8213325
stim,3.216096
stim,2.7215946
stim,3.6257248
stim,3.8973217
stim,4.7043138
stim,3.4314744
stim,3.4471436
stim,4.457162
stim,4.2616944
stim,2.6190474
stim,3.9463685
stim,3.8880517
stim,4.111436
stim,3.5285957
stim,3.1568809
stim,2.142939
stim,3.5445688
stim,2.2782025
stim,2.9666905
stim,4.5142508
stim,2.8113973
stim,3.4880126
stim,3.3703907
stim,4.3413024
stim,3.0569885
stim,3.6929832
stim,3.6095567
stim,3.2629168
stim,3.1130695
stim,1.5322216
stim,4.334854
stim,2.966982
stim,3.6740777
stim,3.7074592
stim,3.4430382
stim,3.7665284
stim,3.8678288
stim,4.666336
stim,4.8903356
stim,2.5054111
stim,3.488782
stim,3.7300327
stim,4.7104864
stim,4.2659
stim,3.6589737
stim,3.620993
stim,3.6226304
stim,1.6027516
stim,2.3609989
stim,2.1258566
stim,3.4993563
stim,3.360945
stim,3.5415258
stim,1.7855366
stim,2.9157236
stim,3.691457
stim,4.1264076
stim,3.8730018
stim,3.2135155
stim,4.087021
stim,0.0
stim,4.5731287
stim,3.4171078
stim,3.7355027
stim,3.8193073
stim,3.258898
stim,0.0
stim,3.7786717
stim,4.336389
stim,2.9682066
stim,3.5554826
stim,2.523684
stim,2.7189443
stim,4.368461
stim,3.7208471
stim,3.8834667
stim,2.9934173
stim,4.227265
stim,4.2286034
stim,4.098544
stim,2.9934173
stim,3.5880017
stim,4.119271
stim,3.9995105
stim,3.6066465
stim,3.5388947
stim,2.488029
stim,3.7129219
stim,3.222724
stim,3.4040825
stim,3.0747328
stim,2.3298538
stim,3.3308916
stim,4.0155606
stim,2.763379
stim,3.557293
stim,4.4605026
stim,4.3948083
stim,4.3370695
stim,3.7745028
stim,2.5815396
stim,4.126741
stim,3.2855985
stim,3.311021
stim,3.8001144
stim,0.0
stim,3.4349554
stim,4.8567476
stim,2.74964
stim,4.7595835
stim,3.9079645
stim,0.0
stim,3.9287667
stim,3.378315
stim,3.6176693
stim,2.6576407
stim,3.0027761
stim,3.320963
stim,4.5892744
stim,3.5312748
stim,3.2855422
stim,2.943
stim,4.4052315
stim,2.6776004
stim,2.254699
stim,3.337087
stim,3.8496583
stim,3.2946243
stim,4.1174536
stim,3.4417613
stim,3.681982
stim,3.3935812
stim,2.8123772
stim,2.8045666
stim,3.7124577
stim,2.3067355
stim,3.5436146
stim,3.1753745
stim,2.7656784
stim,4.475615
stim,3.8678288
stim,4.574711
stim,3.8734138
stim,2.6117065
stim,2.4557612
stim,3.4420865
stim,3.3052142
stim,3.122357
stim,2.9287157
stim,3.703123
stim,4.1020617
stim,4.4403567
stim,2.373705
stim,3.6080422
stim,3.272328
stim,3.4780712
stim,3.500654
stim,4.348629
stim,3.604159
stim,3.6218784
stim,3.5491512
stim,3.9340906
stim,3.4112806
stim,3.668535
stim,4.5130873
stim,4.667611
stim,3.300519
stim,4.033406
stim,3.9322028
stim,3.6022978
stim,2.8622952
stim,3.5150862
stim,3.7690067
stim,4.218158
stim,3.2181082
stim,3.6325688
stim,4.1822963
stim,3.9085197
stim,4.0317826
stim,3.8110728
stim,3.4843953
stim,3.1025212
stim,4.265777
stim,3.5114763
stim,3.76507
stim,3.2172453
stim,2.8317087
stim,2.845648
stim,3.830355
stim,3.1688046
stim,3.9583313
stim,3.1380484
stim,3.690985
stim,3.4820352
stim,4.1040707
stim,4.495649
stim,2.606169
stim,2.9061403
stim,3.3340385
stim,2.1267238
stim,3.531597
stim,3.2240744
stim,3.8524418
stim,4.018318
stim,3.8004806
stim,4.430353
stim,1.9793868
stim,3.7174826
stim,3.6352603
stim,3.7277255
stim,3.4498687
stim,4.2945957
stim,3.4860926
stim,4.163076
stim,2.3459196
stim,1.5265573
stim,3.9080215
stim,3.8907015
stim,3.9647353
stim,0.0
stim,3.8869348
stim,4.649496
stim,3.907623
stim,3.782934
stim,3.1479495
stim,3.5256572
stim,4.0972004
stim,3.6124759
stim,4.5549355
stim,4.3128695
stim,4.2001576
stim,4.981512
stim,2.6353202
stim,3.8114884
stim,2.85147
stim,4.1969275
stim,4.6126485
stim,4.252195
stim,3.604656
stim,2.85147
stim,2.6502724
stim,3.911542
stim,2.8087075
stim,2.8089519
stim,3.1086311
stim,3.2556958
stim,3.116155
stim,2.5175493
stim,3.5014572
stim,2.4204707
stim,3.9889162
stim,4.0049095
stim,4.1423373
stim,3.0392992
stim,4.5800037
stim,3.5188498
stim,3.6797469
stim,3.393537
stim,3.4281986
stim,3.6813433
stim,3.132089
stim,3.7469296
stim,3.3489397
stim,3.1724486
stim,4.328621
stim,3.8489835
stim,3.5011737
stim,3.7456508
stim,3.6081421
stim,3.4394577
stim,2.7390177
stim,4.479425
stim,0.0
stim,3.3142502
stim,3.773024
stim,2.904236
stim,3.52879
stim,2.8453426
stim,3.3849702
stim,4.70854
stim,3.596243
stim,2.952241
stim,3.3436532
stim,3.1731791
stim,3.6609101
stim,3.2004373
stim,3.605872
stim,3.5116262
stim,3.2691512
stim,3.55971
stim,3.3202283
stim,3.8998556
stim,3.6545625
stim,4.020139
stim,4.2880344
stim,3.1366427
stim,3.6198137
stim,3.500654
stim,3.2806914
stim,4.0424128
stim,3.3747406
stim,3.5125465
stim,3.839587
stim,3.6743898
stim,3.481628
stim,4.05382
stim,3.1225297
stim,2.1499438
stim,3.982138
stim,4.022214
stim,4.007608
stim,3.7698345
stim,4.8387113
stim,3.1873195
stim,3.6753263
stim,0.0
stim,3.8111928
stim,3.77537
stim,3.488782
stim,3.4400551
stim,4.241791
stim,3.9009542
stim,4.060099
stim,4.2542024
stim,3.226588
stim,2.35623
stim,3.7781496
stim,2.9107823
stim,3.917231
stim,3.3234468
stim,3.8040154
stim,3.365281
stim,3.7980964
stim,4.1069474
stim,2.963782
stim,2.5431674
stim,4.4017453
stim,3.8325624
stim,4.144144
stim,3.3923461
stim,3.613646
stim,3.4872441
stim,4.229724
stim,2.8920355
stim,3.0008292
stim,3.819938
stim,3.5818677
stim,3.2990522
stim,4.048964
stim,2.418139
stim,3.8398094
stim,1.9629009
stim,4.130566
stim,3.3468215
stim,3.612593
stim,3.2812192
stim,3.60944
stim,3.0589216
stim,3.450585
stim,3.6020086
stim,3.5992656
stim,4.129922
stim,3.0794706
stim,3.797838
stim,3.1693504
stim,3.2844288
stim,3.4268532
stim,2.431281
stim,3.2165747
stim,3.692135
stim,3.897164
stim,3.6541955
stim,3.2694988
stim,3.1511548
stim,3.0676718
stim,2.5725522
stim,2.9389234
stim,3.8576412
stim,4.741765
stim,3.9821382
stim,0.0
stim,2.8129659
stim,0.0
stim,3.319586
stim,4.6729765
stim,3.11994
stim,3.497439
stim,3.917231
stim,4.2368503
stim,3.7641022
stim,3.1493726
stim,3.9188418
stim,3.2993875
stim,2.7025607
stim,0.0
stim,2.3223517
stim,3.5270984
stim,3.1819913
stim,4.451709
stim,3.2992616
stim,3.3300471
stim,3.0210197
stim,3.315528
stim,3.9346309
stim,3.3785636
stim,3.5988333
stim,3.992524
stim,4.4908295
stim,4.3010902
stim,4.4649544
stim,0.0
stim,4.0735326
stim,3.2414207
stim,4.330948
stim,3.2291083
stim,4.2904596
stim,3.145535
stim,2.8294566
stim,3.3542564
stim,3.1770241
stim,3.6045566
stim,3.0844324
stim,3.283687
stim,4.013341
stim,2.9967542
stim,2.602111
stim,4.123746
stim,3.8066885
stim,4.3352294
stim,3.8333561
stim,3.579154
stim,2.5772214
stim,2.4327016
stim,3.5164738
stim,4.330509
stim,4.6155705
stim,3.7633023
stim,3.5438342
stim,4.0280566
stim,3.7438745
stim,2.978419
stim,3.476551
stim,3.9731414
stim,4.165341
stim,3.9023793
stim,3.666507
stim,3.7045097
stim,3.7804725
stim,3.9860196
stim,3.992249
stim,3.9198096
stim,3.322802
stim,4.1743364
stim,3.4725094
stim,3.3906121
stim,3.1740568
stim,4.0585732
stim,2.6050076
stim,2.9339373
stim,3.884482
stim,1.6398797
stim,2.8622952
stim,3.7009728
stim,4.0112686
stim,3.3276474
stim,2.6077974
stim,3.0944374
stim,3.4970248
stim,4.2712207
stim,3.33343
stim,2.5900514
stim,3.836253
stim,3.8179405
stim,4.083991
stim,3.2611063
stim,2.8045666
stim,3.6478214
stim,2.5980725
stim,3.4274297
stim,3.1114087
stim,2.911643
stim,2.968732
stim,3.8082283
stim,3.4965076
stim,3.5008273
stim,2.023663
stim,3.6109178
stim,3.2771206
stim,3.8963907
stim,3.6894891
stim,3.8356986
stim,3.618734
stim,2.8656726
stim,3.2965434
stim,3.320871
stim,2.8014133
stim,1.7330108
stim,4.2677083
stim,3.6779542
stim,3.9944243
stim,3.979559
stim,2.9787142
stim,3.1545146
stim,3.4475589
stim,4.065567
stim,4.5507264
stim,3.365656
stim,2.7981503
stim,3.402896
stim,3.7638736
stim,2.8507018
stim,2.8197627
stim,3.9106698
stim,3.5243247
stim,3.9713986
stim,3.9737232
stim,3.5049927
stim,3.222724
stim,3.8447957
stim,4.1493635
stim,3.444973
stim,3.1437817
stim,3.839587
stim,4.2663016
stim,1.5849353
stim,3.4119895
stim,3.7907598
stim,4.6273828
stim,4.274946
stim,3.125127
stim,3.680338
stim,2.7499142
stim,3.8731942
stim,3.8617337
stim,3.366208
stim,3.998714
stim,4.2211843
stim,4.761678
stim,3.9806635
stim,3.9051323
stim,4.320727
stim,4.0446243
stim,3.685376
stim,3.8886907
stim,2.9352024
stim,3.6862605
stim,3.544009
stim,4.2377343
stim,4.4333463
stim,4.0969234
stim,3.2169578
stim,2.9735625
stim,4.100698
stim,3.2348857
stim,3.9686744
stim,4.030557
stim,4.38658
stim,4.5455165
stim,3.3279712
stim,3.769181
stim,2.1239092
stim,3.3919494
stim,2.4407964
stim,3.4947507
stim,3.902855
stim,4.095263
stim,4.1576877
stim,3.5696056
stim,2.4562483
stim,3.0502548
stim,3.7008352
stim,3.2158089
stim,3.8006842
stim,2.7867646
stim,3.1895487
stim,3.6066465
stim,4.144144
stim,3.511521
stim,4.0001483
stim,3.134238
stim,3.3202283
stim,3.9009542
stim,4.4841933
stim,4.6555467
stim,3.9521368
stim,2.756103
stim,3.4555228
stim,3.5051916
stim,2.0580392
stim,3.8405695
stim,3.4153037
stim,2.9053237
stim,3.7477384
stim,4.343067
stim,2.8242238
stim,3.9949
stim,4.1214232
stim,0.0
stim,1.9858662
stim,2.9032853
stim,3.7527401
stim,2.6303265
stim,3.7223933
stim,2.3140957
stim,3.2544978
stim,4.0178394
stim,0.0
stim,3.792454
stim,0.0
stim,3.8657794
stim,4.483902
stim,3.4599895
stim,2.8638523
stim,3.1275578
stim,3.7835338
stim,3.764468
stim,4.2629266
stim,4.187073
stim,2.9813752
stim,3.8230329
stim,3.4176784
stim,3.5590467
stim,3.105062
stim,2.9036927
stim,3.6968098
stim,4.332017
stim,3.1405137
stim,2.839763
stim,2.071866
stim,2.8586721
stim,4.164522
stim,3.8952746
stim,3.6192832
stim,4.2342095
stim,3.841816
stim,2.5266798
stim,4.0870705
stim,3.9085796
stim,3.7163637
stim,4.310049
stim,4.171634
stim,5.148564
stim,3.5968702
stim,4.2247515
stim,3.8024206
stim,4.380719
stim,3.6815948
stim,2.9655259
stim,4.196007
stim,3.7773907
stim,3.451176
stim,4.1330767
stim,3.5549111
stim,2.711042
stim,2.9264681
stim,3.5083976
stim,4.2290688
stim,3.4720051
stim,3.202887
stim,3.4007142
stim,3.574087
stim,3.342775
stim,3.0294106
stim,3.1272101
stim,3.6490362
stim,3.3932722
stim,3.4291608
