tag,input,engine,mast_input,ebayes,method,design,threads,run,warmup,cpu_load_before,contaminated,shared_machine,cpus,started,process,stage,elapsed_s,cpu_s,peak_rss_mb,rheap_mb,os_peak_wset_mb,os_peak_private_mb,baseline_rss_mb,delta_rss_mb,returncode,errors,info,sampler_errors,background_cpu_mean,background_cpu_max
real_cdr,ductal_all,duet,,,,cdr,1,1,True,6.2,False,True,0-15,1789397898.6181748,duet,read,0.06,0.062,417.98046875,,,,,,,,,,,
real_cdr,ductal_all,duet,,,,cdr,1,1,True,6.2,False,True,0-15,1789397898.6181748,duet,fit_test_write,25.799,25.266,725.92578125,,,,,,,,,,,
real_cdr,ductal_all,duet,,,,cdr,1,1,True,6.2,False,True,0-15,1789397898.6181748,duet,TOTAL_PROCESS,27.306773900985718,26.6875,725.92578125,,744.69921875,698.94140625,187.62890625,538.296875,0.0,,,,,
real_cdr,ductal_all,duet,,,,cdr,1,1,True,6.2,False,True,0-15,1789397898.6181748,ALL,TOTAL_RUN,27.306773900985718,26.6875,725.92578125,,744.69921875,698.94140625,187.62890625,538.296875,0.0,,,0.0,8.911778846153847,17.125
real_cdr,ductal_all,mast,dense,TRUE,bayesglm,cdr,1,1,True,5.3,False,True,0-15,1789397927.932006,export,read,0.061,0.062,470.828125,,,,,,,,,,,
real_cdr,ductal_all,mast,dense,TRUE,bayesglm,cdr,1,1,True,5.3,False,True,0-15,1789397927.932006,export,export,0.685,5.391,858.45703125,,,,,,,,,,,
real_cdr,ductal_all,mast,dense,TRUE,bayesglm,cdr,1,1,True,5.3,False,True,0-15,1789397927.932006,export,TOTAL_PROCESS,1.9935173988342285,6.65625,858.45703125,,858.4609375,816.81640625,194.6953125,663.76171875,0.0,,,,,
real_cdr,ductal_all,mast,dense,TRUE,bayesglm,cdr,1,1,True,5.3,False,True,0-15,1789397927.932006,R,read,7.06,6.98,1571.96875,1330.7,,,,,,,,,,
real_cdr,ductal_all,mast,dense,TRUE,bayesglm,cdr,1,1,True,5.3,False,True,0-15,1789397927.932006,R,singlecellassay,0.55,0.52,2408.35546875,2214.6,,,,,,,,,,
real_cdr,ductal_all,mast,dense,TRUE,bayesglm,cdr,1,1,True,5.3,False,True,0-15,1789397927.932006,R,zlm,191.64,190.07,4482.046875,4507.6,,,,,,,,,,
real_cdr,ductal_all,mast,dense,TRUE,bayesglm,cdr,1,1,True,5.3,False,True,0-15,1789397927.932006,R,lrtest,174.28,171.81,3783.3125,3750.9,,,,,,,,,,
real_cdr,ductal_all,mast,dense,TRUE,bayesglm,cdr,1,1,True,5.3,False,True,0-15,1789397927.932006,R,assemble,0.58,0.56,2192.83203125,1734.8,,,,,,,,,,
real_cdr,ductal_all,mast,dense,TRUE,bayesglm,cdr,1,1,True,5.3,False,True,0-15,1789397927.932006,R,write,0.05,0.04,1874.5078125,1347.0,,,,,,,,,,
real_cdr,ductal_all,mast,dense,TRUE,bayesglm,cdr,1,1,True,5.3,False,True,0-15,1789397927.932006,R,TOTAL_PROCESS,381.7172939777374,376.328125,4482.046875,,4468.17578125,4521.53125,743.9375,3738.109375,0.0,,assay class after SingleCellAssay: matrix,,,
real_cdr,ductal_all,mast,dense,TRUE,bayesglm,cdr,1,1,True,5.3,False,True,0-15,1789397927.932006,ALL,TOTAL_RUN,383.71081137657166,382.984375,4482.046875,,4468.17578125,4521.53125,194.6953125,3738.109375,0.0,,,0.0,11.298525,33.66875
real_cdr,ductal_all,duet,,,,cdr,1,2,False,6.7,False,True,0-15,1789398313.6817985,duet,read,0.06,0.062,428.49609375,,,,,,,,,,,
real_cdr,ductal_all,duet,,,,cdr,1,2,False,6.7,False,True,0-15,1789398313.6817985,duet,fit_test_write,26.228,25.469,745.34375,,,,,,,,,,,
real_cdr,ductal_all,duet,,,,cdr,1,2,False,6.7,False,True,0-15,1789398313.6817985,duet,TOTAL_PROCESS,27.941260814666748,27.046875,745.34375,,745.34375,699.37890625,188.44140625,556.90234375,0.0,,,,,
real_cdr,ductal_all,duet,,,,cdr,1,2,False,6.7,False,True,0-15,1789398313.6817985,ALL,TOTAL_RUN,27.941260814666748,27.046875,745.34375,,745.34375,699.37890625,188.44140625,556.90234375,0.0,,,0.0,8.915856481481482,16.8625
real_cdr,ductal_all,mast,dense,TRUE,bayesglm,cdr,1,2,False,6.2,False,True,0-15,1789398343.6292322,export,read,0.06,0.062,431.44921875,,,,,,,,,,,
real_cdr,ductal_all,mast,dense,TRUE,bayesglm,cdr,1,2,False,6.2,False,True,0-15,1789398343.6292322,export,export,0.629,5.703,858.04296875,,,,,,,,,,,
real_cdr,ductal_all,mast,dense,TRUE,bayesglm,cdr,1,2,False,6.2,False,True,0-15,1789398343.6292322,export,TOTAL_PROCESS,1.9543254375457764,6.953125,858.04296875,,858.046875,816.43359375,161.546875,696.49609375,0.0,,,,,
real_cdr,ductal_all,mast,dense,TRUE,bayesglm,cdr,1,2,False,6.2,False,True,0-15,1789398343.6292322,R,read,7.1,6.94,1571.5,1330.7,,,,,,,,,,
real_cdr,ductal_all,mast,dense,TRUE,bayesglm,cdr,1,2,False,6.2,False,True,0-15,1789398343.6292322,R,singlecellassay,0.57,0.55,2408.1328125,2214.6,,,,,,,,,,
real_cdr,ductal_all,mast,dense,TRUE,bayesglm,cdr,1,2,False,6.2,False,True,0-15,1789398343.6292322,R,zlm,187.71,186.14,4482.078125,4507.6,,,,,,,,,,
real_cdr,ductal_all,mast,dense,TRUE,bayesglm,cdr,1,2,False,6.2,False,True,0-15,1789398343.6292322,R,lrtest,161.06,160.02,3783.34765625,3750.9,,,,,,,,,,
real_cdr,ductal_all,mast,dense,TRUE,bayesglm,cdr,1,2,False,6.2,False,True,0-15,1789398343.6292322,R,assemble,0.57,0.59,2228.25390625,1734.8,,,,,,,,,,
real_cdr,ductal_all,mast,dense,TRUE,bayesglm,cdr,1,2,False,6.2,False,True,0-15,1789398343.6292322,R,write,0.04,0.04,1875.65234375,1347.0,,,,,,,,,,
real_cdr,ductal_all,mast,dense,TRUE,bayesglm,cdr,1,2,False,6.2,False,True,0-15,1789398343.6292322,R,TOTAL_PROCESS,363.6937429904938,360.8125,4482.078125,,4468.3984375,4521.37109375,740.66796875,3741.41015625,0.0,,assay class after SingleCellAssay: matrix,,,
real_cdr,ductal_all,mast,dense,TRUE,bayesglm,cdr,1,2,False,6.2,False,True,0-15,1789398343.6292322,ALL,TOTAL_RUN,365.64806842803955,367.765625,4482.078125,,4468.3984375,4521.37109375,161.546875,3741.41015625,0.0,,,0.0,12.5,60.621875
real_cdr,ductal_all,duet,,,,cdr,1,3,False,8.4,False,True,0-15,1789398711.3137877,duet,read,0.06,0.062,546.0859375,,,,,,,,,,,
real_cdr,ductal_all,duet,,,,cdr,1,3,False,8.4,False,True,0-15,1789398711.3137877,duet,fit_test_write,24.753,24.516,745.63671875,,,,,,,,,,,
real_cdr,ductal_all,duet,,,,cdr,1,3,False,8.4,False,True,0-15,1789398711.3137877,duet,TOTAL_PROCESS,26.341208934783936,26.015625,745.63671875,,745.63671875,699.75390625,187.13671875,558.5,0.0,,,,,
real_cdr,ductal_all,duet,,,,cdr,1,3,False,8.4,False,True,0-15,1789398711.3137877,ALL,TOTAL_RUN,26.341208934783936,26.015625,745.63671875,,745.63671875,699.75390625,187.13671875,558.5,0.0,,,0.0,10.194230769230769,16.971875
real_cdr,ductal_all,mast,dense,TRUE,bayesglm,cdr,1,3,False,7.8,False,True,0-15,1789398739.658467,export,read,0.058,0.047,448.16796875,,,,,,,,,,,
real_cdr,ductal_all,mast,dense,TRUE,bayesglm,cdr,1,3,False,7.8,False,True,0-15,1789398739.658467,export,export,0.628,5.609,858.1015625,,,,,,,,,,,
real_cdr,ductal_all,mast,dense,TRUE,bayesglm,cdr,1,3,False,7.8,False,True,0-15,1789398739.658467,export,TOTAL_PROCESS,1.9304535388946533,6.875,858.1015625,,858.10546875,816.81640625,161.62109375,696.48046875,0.0,,,,,
real_cdr,ductal_all,mast,dense,TRUE,bayesglm,cdr,1,3,False,7.8,False,True,0-15,1789398739.658467,R,read,6.95,6.92,1571.21875,1330.7,,,,,,,,,,
real_cdr,ductal_all,mast,dense,TRUE,bayesglm,cdr,1,3,False,7.8,False,True,0-15,1789398739.658467,R,singlecellassay,0.54,0.53,2407.75,2214.6,,,,,,,,,,
real_cdr,ductal_all,mast,dense,TRUE,bayesglm,cdr,1,3,False,7.8,False,True,0-15,1789398739.658467,R,zlm,179.03,179.45,4481.62109375,4507.6,,,,,,,,,,
real_cdr,ductal_all,mast,dense,TRUE,bayesglm,cdr,1,3,False,7.8,False,True,0-15,1789398739.658467,R,lrtest,163.65,163.46,3804.03125,3750.9,,,,,,,,,,
real_cdr,ductal_all,mast,dense,TRUE,bayesglm,cdr,1,3,False,7.8,False,True,0-15,1789398739.658467,R,assemble,0.53,0.54,2222.44140625,1734.8,,,,,,,,,,
real_cdr,ductal_all,mast,dense,TRUE,bayesglm,cdr,1,3,False,7.8,False,True,0-15,1789398739.658467,R,write,0.05,0.04,1874.67578125,1347.0,,,,,,,,,,
real_cdr,ductal_all,mast,dense,TRUE,bayesglm,cdr,1,3,False,7.8,False,True,0-15,1789398739.658467,R,TOTAL_PROCESS,357.12405276298523,357.3125,4481.62109375,,4470.4765625,4520.76171875,737.33203125,3744.2890625,0.0,,assay class after SingleCellAssay: matrix,,,
real_cdr,ductal_all,mast,dense,TRUE,bayesglm,cdr,1,3,False,7.8,False,True,0-15,1789398739.658467,ALL,TOTAL_RUN,359.0545063018799,364.1875,4481.62109375,,4470.4765625,4520.76171875,161.62109375,3744.2890625,0.0,,,0.0,10.7,25.96875
real_cdr,ductal_all,duet,,,,cdr,1,4,False,6.6,False,True,0-15,1789399100.7493103,duet,read,0.06,0.062,471.015625,,,,,,,,,,,
real_cdr,ductal_all,duet,,,,cdr,1,4,False,6.6,False,True,0-15,1789399100.7493103,duet,fit_test_write,24.4,24.109,745.23828125,,,,,,,,,,,
real_cdr,ductal_all,duet,,,,cdr,1,4,False,6.6,False,True,0-15,1789399100.7493103,duet,TOTAL_PROCESS,25.884279012680054,25.515625,745.23828125,,745.23828125,699.50390625,204.4609375,540.77734375,0.0,,,,,
real_cdr,ductal_all,duet,,,,cdr,1,4,False,6.6,False,True,0-15,1789399100.7493103,ALL,TOTAL_RUN,25.884279012680054,25.515625,745.23828125,,745.23828125,699.50390625,204.4609375,540.77734375,0.0,,,0.0,7.5865,13.221875
real_cdr,ductal_all,mast,dense,TRUE,bayesglm,cdr,1,4,False,8.9,False,True,0-15,1789399128.6377728,export,read,0.059,0.062,472.08984375,,,,,,,,,,,
real_cdr,ductal_all,mast,dense,TRUE,bayesglm,cdr,1,4,False,8.9,False,True,0-15,1789399128.6377728,export,export,0.629,5.391,858.0390625,,,,,,,,,,,
real_cdr,ductal_all,mast,dense,TRUE,bayesglm,cdr,1,4,False,8.9,False,True,0-15,1789399128.6377728,export,TOTAL_PROCESS,1.9536659717559814,6.609375,858.0390625,,858.04296875,816.78515625,189.5703125,668.46875,0.0,,,,,
real_cdr,ductal_all,mast,dense,TRUE,bayesglm,cdr,1,4,False,8.9,False,True,0-15,1789399128.6377728,R,read,6.87,6.74,1572.33203125,1330.7,,,,,,,,,,
real_cdr,ductal_all,mast,dense,TRUE,bayesglm,cdr,1,4,False,8.9,False,True,0-15,1789399128.6377728,R,singlecellassay,0.53,0.52,2407.8671875,2214.6,,,,,,,,,,
real_cdr,ductal_all,mast,dense,TRUE,bayesglm,cdr,1,4,False,8.9,False,True,0-15,1789399128.6377728,R,zlm,175.8,176.7,4482.55859375,4507.6,,,,,,,,,,
real_cdr,ductal_all,mast,dense,TRUE,bayesglm,cdr,1,4,False,8.9,False,True,0-15,1789399128.6377728,R,lrtest,159.66,160.8,3805.0390625,3750.9,,,,,,,,,,
real_cdr,ductal_all,mast,dense,TRUE,bayesglm,cdr,1,4,False,8.9,False,True,0-15,1789399128.6377728,R,assemble,0.57,0.59,2227.95703125,1734.8,,,,,,,,,,
real_cdr,ductal_all,mast,dense,TRUE,bayesglm,cdr,1,4,False,8.9,False,True,0-15,1789399128.6377728,R,write,0.04,0.05,1876.02734375,1347.0,,,,,,,,,,
real_cdr,ductal_all,mast,dense,TRUE,bayesglm,cdr,1,4,False,8.9,False,True,0-15,1789399128.6377728,R,TOTAL_PROCESS,349.6301853656769,351.53125,4482.55859375,,4470.37890625,4523.88671875,738.11328125,3744.4453125,0.0,,assay class after SingleCellAssay: matrix,,,
real_cdr,ductal_all,mast,dense,TRUE,bayesglm,cdr,1,4,False,8.9,False,True,0-15,1789399128.6377728,ALL,TOTAL_RUN,351.58385133743286,358.140625,4482.55859375,,4470.37890625,4523.88671875,189.5703125,3744.4453125,0.0,,,0.0,12.5,18.025000000000002
real_cdr,ductal_all,duet,,,,cdr,1,5,False,5.9,False,True,0-15,1789399482.259141,duet,read,0.059,0.062,461.9140625,,,,,,,,,,,
real_cdr,ductal_all,duet,,,,cdr,1,5,False,5.9,False,True,0-15,1789399482.259141,duet,fit_test_write,23.822,23.516,745.51171875,,,,,,,,,,,
real_cdr,ductal_all,duet,,,,cdr,1,5,False,5.9,False,True,0-15,1789399482.259141,duet,TOTAL_PROCESS,25.344125032424927,25.0,745.51171875,,745.51171875,699.703125,204.234375,541.27734375,0.0,,,,,
real_cdr,ductal_all,duet,,,,cdr,1,5,False,5.9,False,True,0-15,1789399482.259141,ALL,TOTAL_RUN,25.344125032424927,25.0,745.51171875,,745.51171875,699.703125,204.234375,541.27734375,0.0,,,0.0,6.822005208333334,12.728125
real_cdr,ductal_all,mast,dense,TRUE,bayesglm,cdr,1,5,False,5.4,False,True,0-15,1789399509.607785,export,read,0.059,0.062,482.20703125,,,,,,,,,,,
real_cdr,ductal_all,mast,dense,TRUE,bayesglm,cdr,1,5,False,5.4,False,True,0-15,1789399509.607785,export,export,0.618,5.531,857.8671875,,,,,,,,,,,
real_cdr,ductal_all,mast,dense,TRUE,bayesglm,cdr,1,5,False,5.4,False,True,0-15,1789399509.607785,export,TOTAL_PROCESS,1.8494763374328613,6.71875,857.8671875,,857.87109375,816.16796875,162.00390625,695.86328125,0.0,,,,,
real_cdr,ductal_all,mast,dense,TRUE,bayesglm,cdr,1,5,False,5.4,False,True,0-15,1789399509.607785,R,read,6.91,6.83,1571.6484375,1330.7,,,,,,,,,,
real_cdr,ductal_all,mast,dense,TRUE,bayesglm,cdr,1,5,False,5.4,False,True,0-15,1789399509.607785,R,singlecellassay,0.53,0.55,2408.0625,2214.6,,,,,,,,,,
real_cdr,ductal_all,mast,dense,TRUE,bayesglm,cdr,1,5,False,5.4,False,True,0-15,1789399509.607785,R,zlm,181.36,181.06,4481.04296875,4507.6,,,,,,,,,,
real_cdr,ductal_all,mast,dense,TRUE,bayesglm,cdr,1,5,False,5.4,False,True,0-15,1789399509.607785,R,lrtest,162.97,163.06,3821.40234375,3750.9,,,,,,,,,,
real_cdr,ductal_all,mast,dense,TRUE,bayesglm,cdr,1,5,False,5.4,False,True,0-15,1789399509.607785,R,assemble,0.51,0.56,2216.90625,1734.8,,,,,,,,,,
real_cdr,ductal_all,mast,dense,TRUE,bayesglm,cdr,1,5,False,5.4,False,True,0-15,1789399509.607785,R,write,0.05,0.05,1874.1015625,1347.0,,,,,,,,,,
real_cdr,ductal_all,mast,dense,TRUE,bayesglm,cdr,1,5,False,5.4,False,True,0-15,1789399509.607785,R,TOTAL_PROCESS,358.53757786750793,358.28125,4481.04296875,,4471.19921875,4521.296875,738.02734375,3743.015625,0.0,,assay class after SingleCellAssay: matrix,,,
real_cdr,ductal_all,mast,dense,TRUE,bayesglm,cdr,1,5,False,5.4,False,True,0-15,1789399509.607785,ALL,TOTAL_RUN,360.3870542049408,365.0,4481.04296875,,4471.19921875,4521.296875,162.00390625,3743.015625,0.0,,,0.0,8.0,17.56875
real_cdr,ductal_all,duet,,,,cdr,1,6,False,5.1,False,True,0-15,1789399872.031001,duet,read,0.056,0.062,559.578125,,,,,,,,,,,
real_cdr,ductal_all,duet,,,,cdr,1,6,False,5.1,False,True,0-15,1789399872.031001,duet,fit_test_write,23.75,23.5,745.37890625,,,,,,,,,,,
real_cdr,ductal_all,duet,,,,cdr,1,6,False,5.1,False,True,0-15,1789399872.031001,duet,TOTAL_PROCESS,25.260223388671875,24.953125,745.37890625,,745.37890625,699.68359375,186.984375,558.39453125,0.0,,,,,
real_cdr,ductal_all,duet,,,,cdr,1,6,False,5.1,False,True,0-15,1789399872.031001,ALL,TOTAL_RUN,25.260223388671875,24.953125,745.37890625,,745.37890625,699.68359375,186.984375,558.39453125,0.0,,,0.0,6.220572916666666,11.425
real_cdr,ductal_all,mast,dense,TRUE,bayesglm,cdr,1,6,False,5.1,False,True,0-15,1789399899.2944138,export,read,0.057,0.062,477.359375,,,,,,,,,,,
real_cdr,ductal_all,mast,dense,TRUE,bayesglm,cdr,1,6,False,5.1,False,True,0-15,1789399899.2944138,export,export,0.616,5.297,857.59765625,,,,,,,,,,,
real_cdr,ductal_all,mast,dense,TRUE,bayesglm,cdr,1,6,False,5.1,False,True,0-15,1789399899.2944138,export,TOTAL_PROCESS,1.8199567794799805,6.453125,857.59765625,,857.6015625,816.2578125,197.04296875,660.5546875,0.0,,,,,
real_cdr,ductal_all,mast,dense,TRUE,bayesglm,cdr,1,6,False,5.1,False,True,0-15,1789399899.2944138,R,read,6.9,6.72,1571.80859375,1330.7,,,,,,,,,,
real_cdr,ductal_all,mast,dense,TRUE,bayesglm,cdr,1,6,False,5.1,False,True,0-15,1789399899.2944138,R,singlecellassay,0.53,0.51,2408.2734375,2214.6,,,,,,,,,,
real_cdr,ductal_all,mast,dense,TRUE,bayesglm,cdr,1,6,False,5.1,False,True,0-15,1789399899.2944138,R,zlm,179.96,180.25,4484.671875,4507.6,,,,,,,,,,
real_cdr,ductal_all,mast,dense,TRUE,bayesglm,cdr,1,6,False,5.1,False,True,0-15,1789399899.2944138,R,lrtest,161.71,161.85,3805.5703125,3750.9,,,,,,,,,,
real_cdr,ductal_all,mast,dense,TRUE,bayesglm,cdr,1,6,False,5.1,False,True,0-15,1789399899.2944138,R,assemble,0.51,0.55,2232.27734375,1734.8,,,,,,,,,,
real_cdr,ductal_all,mast,dense,TRUE,bayesglm,cdr,1,6,False,5.1,False,True,0-15,1789399899.2944138,R,write,0.04,0.05,1875.05078125,1347.0,,,,,,,,,,
real_cdr,ductal_all,mast,dense,TRUE,bayesglm,cdr,1,6,False,5.1,False,True,0-15,1789399899.2944138,R,TOTAL_PROCESS,355.7621169090271,355.984375,4484.671875,,4470.4296875,4523.265625,738.3984375,3746.2734375,0.0,,assay class after SingleCellAssay: matrix,,,
real_cdr,ductal_all,mast,dense,TRUE,bayesglm,cdr,1,6,False,5.1,False,True,0-15,1789399899.2944138,ALL,TOTAL_RUN,357.5820736885071,362.4375,4484.671875,,4470.4296875,4523.265625,197.04296875,3746.2734375,0.0,,,0.0,7.1,47.928125
