replicate,method,category,common_genes,category_genes,called,call_fraction
51,DUET,de,3966,89,78,0.8764044943820225
51,DUET,dp,3966,101,72,0.7128712871287128
51,DUET,dm,3966,90,63,0.7
51,DUET,db,3966,87,33,0.3793103448275862
51,DUET,ee,3966,3147,568,0.18048935494121385
51,DUET,ep,3966,452,122,0.26991150442477874
51,MAST,de,3966,89,78,0.8764044943820225
51,MAST,dp,3966,101,72,0.7128712871287128
51,MAST,dm,3966,90,63,0.7
51,MAST,db,3966,87,32,0.367816091954023
51,MAST,ee,3966,3147,560,0.17794725135049252
51,MAST,ep,3966,452,119,0.26327433628318586
51,wilcoxon,de,3966,89,70,0.7865168539325843
51,wilcoxon,dp,3966,101,62,0.6138613861386139
51,wilcoxon,dm,3966,90,55,0.6111111111111112
51,wilcoxon,db,3966,87,27,0.3103448275862069
51,wilcoxon,ee,3966,3147,89,0.028280902446774708
51,wilcoxon,ep,3966,452,30,0.06637168141592921
51,diffxpy,de,3966,89,87,0.9775280898876404
51,diffxpy,dp,3966,101,91,0.900990099009901
51,diffxpy,dm,3966,90,80,0.8888888888888888
51,diffxpy,db,3966,87,57,0.6551724137931034
51,diffxpy,ee,3966,3147,13,0.004130918334922148
51,diffxpy,ep,3966,452,2,0.004424778761061947
51,DESeq2,de,3966,89,89,1.0
51,DESeq2,dp,3966,101,97,0.9603960396039604
51,DESeq2,dm,3966,90,84,0.9333333333333333
51,DESeq2,db,3966,87,57,0.6551724137931034
51,DESeq2,ee,3966,3147,20,0.006355258976803305
51,DESeq2,ep,3966,452,4,0.008849557522123894
52,DUET,de,3983,100,88,0.88
52,DUET,dp,3983,95,77,0.8105263157894737
52,DUET,dm,3983,96,73,0.7604166666666666
52,DUET,db,3983,125,79,0.632
52,DUET,ee,3983,3132,472,0.15070242656449553
52,DUET,ep,3983,435,47,0.10804597701149425
52,MAST,de,3983,100,88,0.88
52,MAST,dp,3983,95,77,0.8105263157894737
52,MAST,dm,3983,96,73,0.7604166666666666
52,MAST,db,3983,125,79,0.632
52,MAST,ee,3983,3132,457,0.14591315453384418
52,MAST,ep,3983,435,45,0.10344827586206896
52,wilcoxon,de,3983,100,82,0.82
52,wilcoxon,dp,3983,95,67,0.7052631578947368
52,wilcoxon,dm,3983,96,60,0.625
52,wilcoxon,db,3983,125,56,0.448
52,wilcoxon,ee,3983,3132,36,0.011494252873563218
52,wilcoxon,ep,3983,435,7,0.016091954022988506
52,diffxpy,de,3983,100,95,0.95
52,diffxpy,dp,3983,95,87,0.9157894736842105
52,diffxpy,dm,3983,96,88,0.9166666666666666
52,diffxpy,db,3983,125,105,0.84
52,diffxpy,ee,3983,3132,24,0.007662835249042145
52,diffxpy,ep,3983,435,9,0.020689655172413793
52,DESeq2,de,3983,100,98,0.98
52,DESeq2,dp,3983,95,91,0.9578947368421052
52,DESeq2,dm,3983,96,93,0.96875
52,DESeq2,db,3983,125,104,0.832
52,DESeq2,ee,3983,3132,27,0.008620689655172414
52,DESeq2,ep,3983,435,2,0.004597701149425287
53,DUET,de,3997,110,98,0.8909090909090909
53,DUET,dp,3997,92,67,0.7282608695652174
53,DUET,dm,3997,100,67,0.67
53,DUET,db,3997,101,57,0.5643564356435643
53,DUET,ee,3997,3213,0,0.0
53,DUET,ep,3997,381,0,0.0
53,MAST,de,3997,110,97,0.8818181818181818
53,MAST,dp,3997,92,67,0.7282608695652174
53,MAST,dm,3997,100,67,0.67
53,MAST,db,3997,101,57,0.5643564356435643
53,MAST,ee,3997,3213,0,0.0
53,MAST,ep,3997,381,0,0.0
53,wilcoxon,de,3997,110,102,0.9272727272727272
53,wilcoxon,dp,3997,92,78,0.8478260869565217
53,wilcoxon,dm,3997,100,83,0.83
53,wilcoxon,db,3997,101,54,0.5346534653465347
53,wilcoxon,ee,3997,3213,0,0.0
53,wilcoxon,ep,3997,381,0,0.0
53,diffxpy,de,3997,110,110,1.0
53,diffxpy,dp,3997,92,89,0.967391304347826
53,diffxpy,dm,3997,100,95,0.95
53,diffxpy,db,3997,101,93,0.9207920792079208
53,diffxpy,ee,3997,3213,14,0.004357298474945534
53,diffxpy,ep,3997,381,3,0.007874015748031496
53,DESeq2,de,3997,110,110,1.0
53,DESeq2,dp,3997,92,90,0.9782608695652174
53,DESeq2,dm,3997,100,97,0.97
53,DESeq2,db,3997,101,86,0.8514851485148515
53,DESeq2,ee,3997,3213,8,0.0024898848428260194
53,DESeq2,ep,3997,381,1,0.0026246719160104987
54,DUET,de,3997,85,75,0.8823529411764706
54,DUET,dp,3997,94,71,0.7553191489361702
54,DUET,dm,3997,117,82,0.7008547008547008
54,DUET,db,3997,80,22,0.275
54,DUET,ee,3997,3257,0,0.0
54,DUET,ep,3997,364,0,0.0
54,MAST,de,3997,85,75,0.8823529411764706
54,MAST,dp,3997,94,71,0.7553191489361702
54,MAST,dm,3997,117,82,0.7008547008547008
54,MAST,db,3997,80,22,0.275
54,MAST,ee,3997,3257,0,0.0
54,MAST,ep,3997,364,0,0.0
54,wilcoxon,de,3997,85,79,0.9294117647058824
54,wilcoxon,dp,3997,94,76,0.8085106382978723
54,wilcoxon,dm,3997,117,94,0.8034188034188035
54,wilcoxon,db,3997,80,32,0.4
54,wilcoxon,ee,3997,3257,0,0.0
54,wilcoxon,ep,3997,364,0,0.0
54,diffxpy,de,3997,85,84,0.9882352941176471
54,diffxpy,dp,3997,94,91,0.9680851063829787
54,diffxpy,dm,3997,117,111,0.9487179487179487
54,diffxpy,db,3997,80,55,0.6875
54,diffxpy,ee,3997,3257,28,0.008596868283696654
54,diffxpy,ep,3997,364,5,0.013736263736263736
54,DESeq2,de,3997,85,85,1.0
54,DESeq2,dp,3997,94,92,0.9787234042553191
54,DESeq2,dm,3997,117,116,0.9914529914529915
54,DESeq2,db,3997,80,39,0.4875
54,DESeq2,ee,3997,3257,5,0.0015351550506601166
54,DESeq2,ep,3997,364,1,0.0027472527472527475
55,DUET,de,3971,110,95,0.8636363636363636
55,DUET,dp,3971,98,60,0.6122448979591837
55,DUET,dm,3971,114,70,0.6140350877192983
55,DUET,db,3971,92,32,0.34782608695652173
55,DUET,ee,3971,3200,0,0.0
55,DUET,ep,3971,357,0,0.0
55,MAST,de,3971,110,95,0.8636363636363636
55,MAST,dp,3971,98,60,0.6122448979591837
55,MAST,dm,3971,114,70,0.6140350877192983
55,MAST,db,3971,92,32,0.34782608695652173
55,MAST,ee,3971,3200,0,0.0
55,MAST,ep,3971,357,0,0.0
55,wilcoxon,de,3971,110,92,0.8363636363636363
55,wilcoxon,dp,3971,98,62,0.6326530612244898
55,wilcoxon,dm,3971,114,74,0.6491228070175439
55,wilcoxon,db,3971,92,39,0.42391304347826086
55,wilcoxon,ee,3971,3200,0,0.0
55,wilcoxon,ep,3971,357,0,0.0
55,diffxpy,de,3971,110,108,0.9818181818181818
55,diffxpy,dp,3971,98,90,0.9183673469387755
55,diffxpy,dm,3971,114,108,0.9473684210526315
55,diffxpy,db,3971,92,80,0.8695652173913043
55,diffxpy,ee,3971,3200,8,0.0025
55,diffxpy,ep,3971,357,0,0.0
55,DESeq2,de,3971,110,110,1.0
55,DESeq2,dp,3971,98,90,0.9183673469387755
55,DESeq2,dm,3971,114,111,0.9736842105263158
55,DESeq2,db,3971,92,80,0.8695652173913043
55,DESeq2,ee,3971,3200,32,0.01
55,DESeq2,ep,3971,357,0,0.0
56,DUET,de,3997,102,91,0.8921568627450981
56,DUET,dp,3997,114,89,0.7807017543859649
56,DUET,dm,3997,98,72,0.7346938775510204
56,DUET,db,3997,104,43,0.41346153846153844
56,DUET,ee,3997,3202,0,0.0
56,DUET,ep,3997,377,0,0.0
56,MAST,de,3997,102,91,0.8921568627450981
56,MAST,dp,3997,114,89,0.7807017543859649
56,MAST,dm,3997,98,72,0.7346938775510204
56,MAST,db,3997,104,43,0.41346153846153844
56,MAST,ee,3997,3202,0,0.0
56,MAST,ep,3997,377,0,0.0
56,wilcoxon,de,3997,102,93,0.9117647058823529
56,wilcoxon,dp,3997,114,95,0.8333333333333334
56,wilcoxon,dm,3997,98,78,0.7959183673469388
56,wilcoxon,db,3997,104,44,0.4230769230769231
56,wilcoxon,ee,3997,3202,2,0.0006246096189881324
56,wilcoxon,ep,3997,377,0,0.0
56,diffxpy,de,3997,102,101,0.9901960784313726
56,diffxpy,dp,3997,114,111,0.9736842105263158
56,diffxpy,dm,3997,98,94,0.9591836734693877
56,diffxpy,db,3997,104,52,0.5
56,diffxpy,ee,3997,3202,30,0.009369144284821987
56,diffxpy,ep,3997,377,3,0.007957559681697613
56,DESeq2,de,3997,102,100,0.9803921568627451
56,DESeq2,dp,3997,114,112,0.9824561403508771
56,DESeq2,dm,3997,98,95,0.9693877551020408
56,DESeq2,db,3997,104,41,0.3942307692307692
56,DESeq2,ee,3997,3202,7,0.0021861336664584633
56,DESeq2,ep,3997,377,0,0.0
57,DUET,de,3986,109,91,0.8348623853211009
57,DUET,dp,3986,105,61,0.580952380952381
57,DUET,dm,3986,102,61,0.5980392156862745
57,DUET,db,3986,105,13,0.12380952380952381
57,DUET,ee,3986,3191,0,0.0
57,DUET,ep,3986,374,0,0.0
57,MAST,de,3986,109,90,0.8256880733944955
57,MAST,dp,3986,105,61,0.580952380952381
57,MAST,dm,3986,102,61,0.5980392156862745
57,MAST,db,3986,105,13,0.12380952380952381
57,MAST,ee,3986,3191,0,0.0
57,MAST,ep,3986,374,0,0.0
57,wilcoxon,de,3986,109,89,0.8165137614678899
57,wilcoxon,dp,3986,105,64,0.6095238095238096
57,wilcoxon,dm,3986,102,66,0.6470588235294118
57,wilcoxon,db,3986,105,27,0.2571428571428571
57,wilcoxon,ee,3986,3191,13,0.00407395800689439
57,wilcoxon,ep,3986,374,0,0.0
57,diffxpy,de,3986,109,107,0.981651376146789
57,diffxpy,dp,3986,105,94,0.8952380952380953
57,diffxpy,dm,3986,102,91,0.8921568627450981
57,diffxpy,db,3986,105,66,0.6285714285714286
57,diffxpy,ee,3986,3191,5,0.0015669069257286117
57,diffxpy,ep,3986,374,2,0.0053475935828877
57,DESeq2,de,3986,109,108,0.9908256880733946
57,DESeq2,dp,3986,105,98,0.9333333333333333
57,DESeq2,dm,3986,102,97,0.9509803921568627
57,DESeq2,db,3986,105,76,0.7238095238095238
57,DESeq2,ee,3986,3191,22,0.006894390473205891
57,DESeq2,ep,3986,374,5,0.013368983957219251
58,DUET,de,3984,114,95,0.8333333333333334
58,DUET,dp,3984,105,58,0.5523809523809524
58,DUET,dm,3984,103,64,0.6213592233009708
58,DUET,db,3984,89,25,0.2808988764044944
58,DUET,ee,3984,3150,0,0.0
58,DUET,ep,3984,423,0,0.0
58,MAST,de,3984,114,95,0.8333333333333334
58,MAST,dp,3984,105,58,0.5523809523809524
58,MAST,dm,3984,103,64,0.6213592233009708
58,MAST,db,3984,89,25,0.2808988764044944
58,MAST,ee,3984,3150,0,0.0
58,MAST,ep,3984,423,0,0.0
58,wilcoxon,de,3984,114,95,0.8333333333333334
58,wilcoxon,dp,3984,105,61,0.580952380952381
58,wilcoxon,dm,3984,103,69,0.6699029126213593
58,wilcoxon,db,3984,89,28,0.3146067415730337
58,wilcoxon,ee,3984,3150,0,0.0
58,wilcoxon,ep,3984,423,0,0.0
58,diffxpy,de,3984,114,112,0.9824561403508771
58,diffxpy,dp,3984,105,91,0.8666666666666667
58,diffxpy,dm,3984,103,90,0.8737864077669902
58,diffxpy,db,3984,89,65,0.7303370786516854
58,diffxpy,ee,3984,3150,6,0.0019047619047619048
58,diffxpy,ep,3984,423,2,0.004728132387706856
58,DESeq2,de,3984,114,112,0.9824561403508771
58,DESeq2,dp,3984,105,101,0.9619047619047619
58,DESeq2,dm,3984,103,94,0.912621359223301
58,DESeq2,db,3984,89,63,0.7078651685393258
58,DESeq2,ee,3984,3150,20,0.006349206349206349
58,DESeq2,ep,3984,423,3,0.0070921985815602835
59,DUET,de,3996,96,89,0.9270833333333334
59,DUET,dp,3996,102,77,0.7549019607843137
59,DUET,dm,3996,105,81,0.7714285714285715
59,DUET,db,3996,84,37,0.44047619047619047
59,DUET,ee,3996,3183,0,0.0
59,DUET,ep,3996,426,0,0.0
59,MAST,de,3996,96,89,0.9270833333333334
59,MAST,dp,3996,102,77,0.7549019607843137
59,MAST,dm,3996,105,81,0.7714285714285715
59,MAST,db,3996,84,37,0.44047619047619047
59,MAST,ee,3996,3183,0,0.0
59,MAST,ep,3996,426,0,0.0
59,wilcoxon,de,3996,96,91,0.9479166666666666
59,wilcoxon,dp,3996,102,83,0.8137254901960784
59,wilcoxon,dm,3996,105,88,0.8380952380952381
59,wilcoxon,db,3996,84,42,0.5
59,wilcoxon,ee,3996,3183,0,0.0
59,wilcoxon,ep,3996,426,0,0.0
59,diffxpy,de,3996,96,95,0.9895833333333334
59,diffxpy,dp,3996,102,97,0.9509803921568627
59,diffxpy,dm,3996,105,102,0.9714285714285714
59,diffxpy,db,3996,84,74,0.8809523809523809
59,diffxpy,ee,3996,3183,89,0.027961043041156142
59,diffxpy,ep,3996,426,11,0.025821596244131457
59,DESeq2,de,3996,96,96,1.0
59,DESeq2,dp,3996,102,101,0.9901960784313726
59,DESeq2,dm,3996,105,101,0.9619047619047619
59,DESeq2,db,3996,84,42,0.5
59,DESeq2,ee,3996,3183,12,0.003770028275212064
59,DESeq2,ep,3996,426,1,0.002347417840375587
60,DUET,de,3974,100,83,0.83
60,DUET,dp,3974,100,66,0.66
60,DUET,dm,3974,113,71,0.6283185840707964
60,DUET,db,3974,104,25,0.2403846153846154
60,DUET,ee,3974,3147,0,0.0
60,DUET,ep,3974,410,0,0.0
60,MAST,de,3974,100,83,0.83
60,MAST,dp,3974,100,66,0.66
60,MAST,dm,3974,113,71,0.6283185840707964
60,MAST,db,3974,104,25,0.2403846153846154
60,MAST,ee,3974,3147,0,0.0
60,MAST,ep,3974,410,0,0.0
60,wilcoxon,de,3974,100,83,0.83
60,wilcoxon,dp,3974,100,71,0.71
60,wilcoxon,dm,3974,113,75,0.6637168141592921
60,wilcoxon,db,3974,104,25,0.2403846153846154
60,wilcoxon,ee,3974,3147,0,0.0
60,wilcoxon,ep,3974,410,0,0.0
60,diffxpy,de,3974,100,97,0.97
60,diffxpy,dp,3974,100,92,0.92
60,diffxpy,dm,3974,113,101,0.8938053097345132
60,diffxpy,db,3974,104,51,0.49038461538461536
60,diffxpy,ee,3974,3147,19,0.0060374960279631395
60,diffxpy,ep,3974,410,3,0.007317073170731708
60,DESeq2,de,3974,100,100,1.0
60,DESeq2,dp,3974,100,95,0.95
60,DESeq2,dm,3974,113,104,0.9203539823008849
60,DESeq2,db,3974,104,60,0.5769230769230769
60,DESeq2,ee,3974,3147,25,0.00794407372100413
60,DESeq2,ep,3974,410,2,0.004878048780487805
61,DUET,de,3982,93,79,0.8494623655913979
61,DUET,dp,3982,100,54,0.54
61,DUET,dm,3982,87,47,0.5402298850574713
61,DUET,db,3982,100,16,0.16
61,DUET,ee,3982,3204,0,0.0
61,DUET,ep,3982,398,0,0.0
61,MAST,de,3982,93,79,0.8494623655913979
61,MAST,dp,3982,100,54,0.54
61,MAST,dm,3982,87,47,0.5402298850574713
61,MAST,db,3982,100,16,0.16
61,MAST,ee,3982,3204,0,0.0
61,MAST,ep,3982,398,0,0.0
61,wilcoxon,de,3982,93,77,0.8279569892473119
61,wilcoxon,dp,3982,100,64,0.64
61,wilcoxon,dm,3982,87,49,0.5632183908045977
61,wilcoxon,db,3982,100,18,0.18
61,wilcoxon,ee,3982,3204,0,0.0
61,wilcoxon,ep,3982,398,0,0.0
61,diffxpy,de,3982,93,90,0.967741935483871
61,diffxpy,dp,3982,100,92,0.92
61,diffxpy,dm,3982,87,74,0.8505747126436781
61,diffxpy,db,3982,100,43,0.43
61,diffxpy,ee,3982,3204,11,0.003433208489388265
61,diffxpy,ep,3982,398,1,0.002512562814070352
61,DESeq2,de,3982,93,91,0.978494623655914
61,DESeq2,dp,3982,100,94,0.94
61,DESeq2,dm,3982,87,79,0.9080459770114943
61,DESeq2,db,3982,100,52,0.52
61,DESeq2,ee,3982,3204,25,0.007802746566791511
61,DESeq2,ep,3982,398,1,0.002512562814070352
62,DUET,de,3989,126,112,0.8888888888888888
62,DUET,dp,3989,109,60,0.5504587155963303
62,DUET,dm,3989,102,69,0.6764705882352942
62,DUET,db,3989,101,22,0.21782178217821782
62,DUET,ee,3989,3141,0,0.0
62,DUET,ep,3989,410,0,0.0
62,MAST,de,3989,126,112,0.8888888888888888
62,MAST,dp,3989,109,60,0.5504587155963303
62,MAST,dm,3989,102,69,0.6764705882352942
62,MAST,db,3989,101,22,0.21782178217821782
62,MAST,ee,3989,3141,0,0.0
62,MAST,ep,3989,410,0,0.0
62,wilcoxon,de,3989,126,110,0.873015873015873
62,wilcoxon,dp,3989,109,71,0.6513761467889908
62,wilcoxon,dm,3989,102,73,0.7156862745098039
62,wilcoxon,db,3989,101,26,0.25742574257425743
62,wilcoxon,ee,3989,3141,0,0.0
62,wilcoxon,ep,3989,410,0,0.0
62,diffxpy,de,3989,126,125,0.9920634920634921
62,diffxpy,dp,3989,109,90,0.8256880733944955
62,diffxpy,dm,3989,102,95,0.9313725490196079
62,diffxpy,db,3989,101,65,0.6435643564356436
62,diffxpy,ee,3989,3141,9,0.0028653295128939827
62,diffxpy,ep,3989,410,2,0.004878048780487805
62,DESeq2,de,3989,126,126,1.0
62,DESeq2,dp,3989,109,102,0.9357798165137615
62,DESeq2,dm,3989,102,98,0.9607843137254902
62,DESeq2,db,3989,101,66,0.6534653465346535
62,DESeq2,ee,3989,3141,21,0.0066857688634192934
62,DESeq2,ep,3989,410,0,0.0
63,DUET,de,3994,91,85,0.9340659340659341
63,DUET,dp,3994,113,77,0.6814159292035398
63,DUET,dm,3994,76,54,0.7105263157894737
63,DUET,db,3994,98,21,0.21428571428571427
63,DUET,ee,3994,3174,0,0.0
63,DUET,ep,3994,442,0,0.0
63,MAST,de,3994,91,85,0.9340659340659341
63,MAST,dp,3994,113,76,0.672566371681416
63,MAST,dm,3994,76,54,0.7105263157894737
63,MAST,db,3994,98,21,0.21428571428571427
63,MAST,ee,3994,3174,0,0.0
63,MAST,ep,3994,442,0,0.0
63,wilcoxon,de,3994,91,87,0.9560439560439561
63,wilcoxon,dp,3994,113,92,0.8141592920353983
63,wilcoxon,dm,3994,76,62,0.8157894736842105
63,wilcoxon,db,3994,98,40,0.40816326530612246
63,wilcoxon,ee,3994,3174,37,0.011657214870825458
63,wilcoxon,ep,3994,442,4,0.00904977375565611
63,diffxpy,de,3994,91,91,1.0
63,diffxpy,dp,3994,113,106,0.9380530973451328
63,diffxpy,dm,3994,76,72,0.9473684210526315
63,diffxpy,db,3994,98,83,0.8469387755102041
63,diffxpy,ee,3994,3174,9,0.002835538752362949
63,diffxpy,ep,3994,442,4,0.00904977375565611
63,DESeq2,de,3994,91,91,1.0
63,DESeq2,dp,3994,113,107,0.9469026548672567
63,DESeq2,dm,3994,76,73,0.9605263157894737
63,DESeq2,db,3994,98,71,0.7244897959183674
63,DESeq2,ee,3994,3174,2,0.000630119722747322
63,DESeq2,ep,3994,442,0,0.0
64,DUET,de,3964,100,82,0.82
64,DUET,dp,3964,88,52,0.5909090909090909
64,DUET,dm,3964,109,70,0.6422018348623854
64,DUET,db,3964,92,22,0.2391304347826087
64,DUET,ee,3964,3157,0,0.0
64,DUET,ep,3964,418,0,0.0
64,MAST,de,3964,100,82,0.82
64,MAST,dp,3964,88,52,0.5909090909090909
64,MAST,dm,3964,109,69,0.6330275229357798
64,MAST,db,3964,92,22,0.2391304347826087
64,MAST,ee,3964,3157,0,0.0
64,MAST,ep,3964,418,0,0.0
64,wilcoxon,de,3964,100,81,0.81
64,wilcoxon,dp,3964,88,58,0.6590909090909091
64,wilcoxon,dm,3964,109,76,0.6972477064220184
64,wilcoxon,db,3964,92,18,0.1956521739130435
64,wilcoxon,ee,3964,3157,0,0.0
64,wilcoxon,ep,3964,418,0,0.0
64,diffxpy,de,3964,100,99,0.99
64,diffxpy,dp,3964,88,73,0.8295454545454546
64,diffxpy,dm,3964,109,95,0.8715596330275229
64,diffxpy,db,3964,92,49,0.532608695652174
64,diffxpy,ee,3964,3157,10,0.0031675641431738993
64,diffxpy,ep,3964,418,1,0.0023923444976076554
64,DESeq2,de,3964,100,99,0.99
64,DESeq2,dp,3964,88,82,0.9318181818181818
64,DESeq2,dm,3964,109,102,0.9357798165137615
64,DESeq2,db,3964,92,66,0.717391304347826
64,DESeq2,ee,3964,3157,40,0.012670256572695597
64,DESeq2,ep,3964,418,0,0.0
65,DUET,de,3986,96,76,0.7916666666666666
65,DUET,dp,3986,87,52,0.5977011494252874
65,DUET,dm,3986,105,57,0.5428571428571428
65,DUET,db,3986,102,12,0.11764705882352941
65,DUET,ee,3986,3183,0,0.0
65,DUET,ep,3986,413,0,0.0
65,MAST,de,3986,96,76,0.7916666666666666
65,MAST,dp,3986,87,52,0.5977011494252874
65,MAST,dm,3986,105,57,0.5428571428571428
65,MAST,db,3986,102,12,0.11764705882352941
65,MAST,ee,3986,3183,0,0.0
65,MAST,ep,3986,413,0,0.0
65,wilcoxon,de,3986,96,78,0.8125
65,wilcoxon,dp,3986,87,62,0.7126436781609196
65,wilcoxon,dm,3986,105,64,0.6095238095238096
65,wilcoxon,db,3986,102,20,0.19607843137254902
65,wilcoxon,ee,3986,3183,0,0.0
65,wilcoxon,ep,3986,413,0,0.0
65,diffxpy,de,3986,96,93,0.96875
65,diffxpy,dp,3986,87,82,0.9425287356321839
65,diffxpy,dm,3986,105,91,0.8666666666666667
65,diffxpy,db,3986,102,68,0.6666666666666666
65,diffxpy,ee,3986,3183,10,0.0031416902293433867
65,diffxpy,ep,3986,413,6,0.014527845036319613
65,DESeq2,de,3986,96,95,0.9895833333333334
65,DESeq2,dp,3986,87,80,0.9195402298850575
65,DESeq2,dm,3986,105,102,0.9714285714285714
65,DESeq2,db,3986,102,59,0.5784313725490197
65,DESeq2,ee,3986,3183,29,0.009110901665095822
65,DESeq2,ep,3986,413,5,0.012106537530266344
66,DUET,de,3992,96,89,0.9270833333333334
66,DUET,dp,3992,90,69,0.7666666666666667
66,DUET,dm,3992,83,57,0.6867469879518072
66,DUET,db,3992,105,18,0.17142857142857143
66,DUET,ee,3992,3219,0,0.0
66,DUET,ep,3992,399,0,0.0
66,MAST,de,3992,96,89,0.9270833333333334
66,MAST,dp,3992,90,69,0.7666666666666667
66,MAST,dm,3992,83,57,0.6867469879518072
66,MAST,db,3992,105,18,0.17142857142857143
66,MAST,ee,3992,3219,0,0.0
66,MAST,ep,3992,399,0,0.0
66,wilcoxon,de,3992,96,88,0.9166666666666666
66,wilcoxon,dp,3992,90,74,0.8222222222222222
66,wilcoxon,dm,3992,83,68,0.8192771084337349
66,wilcoxon,db,3992,105,31,0.29523809523809524
66,wilcoxon,ee,3992,3219,39,0.012115563839701771
66,wilcoxon,ep,3992,399,8,0.020050125313283207
66,diffxpy,de,3992,96,95,0.9895833333333334
66,diffxpy,dp,3992,90,87,0.9666666666666667
66,diffxpy,dm,3992,83,81,0.9759036144578314
66,diffxpy,db,3992,105,54,0.5142857142857142
66,diffxpy,ee,3992,3219,30,0.009319664492078284
66,diffxpy,ep,3992,399,3,0.007518796992481203
66,DESeq2,de,3992,96,95,0.9895833333333334
66,DESeq2,dp,3992,90,89,0.9888888888888889
66,DESeq2,dm,3992,83,82,0.9879518072289156
66,DESeq2,db,3992,105,37,0.3523809523809524
66,DESeq2,ee,3992,3219,7,0.0021745883814849334
66,DESeq2,ep,3992,399,0,0.0
67,DUET,de,3995,100,91,0.91
67,DUET,dp,3995,107,76,0.7102803738317757
67,DUET,dm,3995,98,75,0.7653061224489796
67,DUET,db,3995,108,43,0.39814814814814814
67,DUET,ee,3995,3203,0,0.0
67,DUET,ep,3995,379,0,0.0
67,MAST,de,3995,100,91,0.91
67,MAST,dp,3995,107,76,0.7102803738317757
67,MAST,dm,3995,98,75,0.7653061224489796
67,MAST,db,3995,108,43,0.39814814814814814
67,MAST,ee,3995,3203,0,0.0
67,MAST,ep,3995,379,0,0.0
67,wilcoxon,de,3995,100,92,0.92
67,wilcoxon,dp,3995,107,88,0.822429906542056
67,wilcoxon,dm,3995,98,82,0.8367346938775511
67,wilcoxon,db,3995,108,50,0.46296296296296297
67,wilcoxon,ee,3995,3203,0,0.0
67,wilcoxon,ep,3995,379,0,0.0
67,diffxpy,de,3995,100,98,0.98
67,diffxpy,dp,3995,107,100,0.9345794392523364
67,diffxpy,dm,3995,98,95,0.9693877551020408
67,diffxpy,db,3995,108,81,0.75
67,diffxpy,ee,3995,3203,8,0.002497658445207618
67,diffxpy,ep,3995,379,1,0.002638522427440633
67,DESeq2,de,3995,100,100,1.0
67,DESeq2,dp,3995,107,102,0.9532710280373832
67,DESeq2,dm,3995,98,95,0.9693877551020408
67,DESeq2,db,3995,108,81,0.75
67,DESeq2,ee,3995,3203,4,0.001248829222603809
67,DESeq2,ep,3995,379,0,0.0
68,DUET,de,3993,114,105,0.9210526315789473
68,DUET,dp,3993,78,55,0.7051282051282052
68,DUET,dm,3993,98,68,0.6938775510204082
68,DUET,db,3993,101,21,0.2079207920792079
68,DUET,ee,3993,3208,0,0.0
68,DUET,ep,3993,394,0,0.0
68,MAST,de,3993,114,105,0.9210526315789473
68,MAST,dp,3993,78,55,0.7051282051282052
68,MAST,dm,3993,98,68,0.6938775510204082
68,MAST,db,3993,101,21,0.2079207920792079
68,MAST,ee,3993,3208,0,0.0
68,MAST,ep,3993,394,0,0.0
68,wilcoxon,de,3993,114,108,0.9473684210526315
68,wilcoxon,dp,3993,78,65,0.8333333333333334
68,wilcoxon,dm,3993,98,78,0.7959183673469388
68,wilcoxon,db,3993,101,26,0.25742574257425743
68,wilcoxon,ee,3993,3208,7,0.0021820448877805485
68,wilcoxon,ep,3993,394,0,0.0
68,diffxpy,de,3993,114,113,0.9912280701754386
68,diffxpy,dp,3993,78,77,0.9871794871794872
68,diffxpy,dm,3993,98,95,0.9693877551020408
68,diffxpy,db,3993,101,56,0.5544554455445545
68,diffxpy,ee,3993,3208,69,0.021508728179551122
68,diffxpy,ep,3993,394,10,0.025380710659898477
68,DESeq2,de,3993,114,113,0.9912280701754386
68,DESeq2,dp,3993,78,78,1.0
68,DESeq2,dm,3993,98,92,0.9387755102040817
68,DESeq2,db,3993,101,54,0.5346534653465347
68,DESeq2,ee,3993,3208,6,0.0018703241895261845
68,DESeq2,ep,3993,394,0,0.0
69,DUET,de,3970,85,69,0.8117647058823529
69,DUET,dp,3970,90,55,0.6111111111111112
69,DUET,dm,3970,78,49,0.6282051282051282
69,DUET,db,3970,104,26,0.25
69,DUET,ee,3970,3206,0,0.0
69,DUET,ep,3970,407,0,0.0
69,MAST,de,3970,85,69,0.8117647058823529
69,MAST,dp,3970,90,55,0.6111111111111112
69,MAST,dm,3970,78,49,0.6282051282051282
69,MAST,db,3970,104,26,0.25
69,MAST,ee,3970,3206,0,0.0
69,MAST,ep,3970,407,0,0.0
69,wilcoxon,de,3970,85,66,0.7764705882352941
69,wilcoxon,dp,3970,90,54,0.6
69,wilcoxon,dm,3970,78,53,0.6794871794871795
69,wilcoxon,db,3970,104,20,0.19230769230769232
69,wilcoxon,ee,3970,3206,0,0.0
69,wilcoxon,ep,3970,407,0,0.0
69,diffxpy,de,3970,85,81,0.9529411764705882
69,diffxpy,dp,3970,90,79,0.8777777777777778
69,diffxpy,dm,3970,78,71,0.9102564102564102
69,diffxpy,db,3970,104,50,0.4807692307692308
69,diffxpy,ee,3970,3206,16,0.004990642545227698
69,diffxpy,ep,3970,407,1,0.002457002457002457
69,DESeq2,de,3970,85,81,0.9529411764705882
69,DESeq2,dp,3970,90,87,0.9666666666666667
69,DESeq2,dm,3970,78,73,0.9358974358974359
69,DESeq2,db,3970,104,56,0.5384615384615384
69,DESeq2,ee,3970,3206,25,0.007797878976918278
69,DESeq2,ep,3970,407,4,0.009828009828009828
70,DUET,de,3995,109,104,0.9541284403669725
70,DUET,dp,3995,116,85,0.7327586206896551
70,DUET,dm,3995,80,66,0.825
70,DUET,db,3995,101,27,0.26732673267326734
70,DUET,ee,3995,3216,4,0.0012437810945273632
70,DUET,ep,3995,373,0,0.0
70,MAST,de,3995,109,104,0.9541284403669725
70,MAST,dp,3995,116,85,0.7327586206896551
70,MAST,dm,3995,80,66,0.825
70,MAST,db,3995,101,27,0.26732673267326734
70,MAST,ee,3995,3216,4,0.0012437810945273632
70,MAST,ep,3995,373,0,0.0
70,wilcoxon,de,3995,109,105,0.963302752293578
70,wilcoxon,dp,3995,116,95,0.8189655172413793
70,wilcoxon,dm,3995,80,70,0.875
70,wilcoxon,db,3995,101,48,0.4752475247524752
70,wilcoxon,ee,3995,3216,101,0.03140547263681592
70,wilcoxon,ep,3995,373,24,0.064343163538874
70,diffxpy,de,3995,109,109,1.0
70,diffxpy,dp,3995,116,106,0.9137931034482759
70,diffxpy,dm,3995,80,80,1.0
70,diffxpy,db,3995,101,84,0.8316831683168316
70,diffxpy,ee,3995,3216,86,0.026741293532338308
70,diffxpy,ep,3995,373,19,0.05093833780160858
70,DESeq2,de,3995,109,109,1.0
70,DESeq2,dp,3995,116,108,0.9310344827586207
70,DESeq2,dm,3995,80,78,0.975
70,DESeq2,db,3995,101,73,0.7227722772277227
70,DESeq2,ee,3995,3216,10,0.003109452736318408
70,DESeq2,ep,3995,373,0,0.0
71,DUET,de,3971,108,91,0.8425925925925926
71,DUET,dp,3971,94,57,0.6063829787234043
71,DUET,dm,3971,103,60,0.5825242718446602
71,DUET,db,3971,92,23,0.25
71,DUET,ee,3971,3205,0,0.0
71,DUET,ep,3971,369,0,0.0
71,MAST,de,3971,108,90,0.8333333333333334
71,MAST,dp,3971,94,57,0.6063829787234043
71,MAST,dm,3971,103,59,0.5728155339805825
71,MAST,db,3971,92,23,0.25
71,MAST,ee,3971,3205,0,0.0
71,MAST,ep,3971,369,0,0.0
71,wilcoxon,de,3971,108,90,0.8333333333333334
71,wilcoxon,dp,3971,94,60,0.6382978723404256
71,wilcoxon,dm,3971,103,68,0.6601941747572816
71,wilcoxon,db,3971,92,32,0.34782608695652173
71,wilcoxon,ee,3971,3205,0,0.0
71,wilcoxon,ep,3971,369,0,0.0
71,diffxpy,de,3971,108,108,1.0
71,diffxpy,dp,3971,94,85,0.9042553191489362
71,diffxpy,dm,3971,103,95,0.9223300970873787
71,diffxpy,db,3971,92,75,0.8152173913043478
71,diffxpy,ee,3971,3205,12,0.00374414976599064
71,diffxpy,ep,3971,369,2,0.005420054200542005
71,DESeq2,de,3971,108,108,1.0
71,DESeq2,dp,3971,94,91,0.9680851063829787
71,DESeq2,dm,3971,103,100,0.970873786407767
71,DESeq2,db,3971,92,76,0.8260869565217391
71,DESeq2,ee,3971,3205,26,0.008112324492979718
71,DESeq2,ep,3971,369,4,0.01084010840108401
72,DUET,de,3988,106,90,0.8490566037735849
72,DUET,dp,3988,118,74,0.6271186440677966
72,DUET,dm,3988,108,58,0.5370370370370371
72,DUET,db,3988,107,19,0.17757009345794392
72,DUET,ee,3988,3150,0,0.0
72,DUET,ep,3988,399,0,0.0
72,MAST,de,3988,106,90,0.8490566037735849
72,MAST,dp,3988,118,74,0.6271186440677966
72,MAST,dm,3988,108,58,0.5370370370370371
72,MAST,db,3988,107,19,0.17757009345794392
72,MAST,ee,3988,3150,0,0.0
72,MAST,ep,3988,399,0,0.0
72,wilcoxon,de,3988,106,87,0.8207547169811321
72,wilcoxon,dp,3988,118,82,0.6949152542372882
72,wilcoxon,dm,3988,108,64,0.5925925925925926
72,wilcoxon,db,3988,107,36,0.3364485981308411
72,wilcoxon,ee,3988,3150,0,0.0
72,wilcoxon,ep,3988,399,0,0.0
72,diffxpy,de,3988,106,104,0.9811320754716981
72,diffxpy,dp,3988,118,109,0.923728813559322
72,diffxpy,dm,3988,108,96,0.8888888888888888
72,diffxpy,db,3988,107,65,0.6074766355140186
72,diffxpy,ee,3988,3150,16,0.005079365079365079
72,diffxpy,ep,3988,399,0,0.0
72,DESeq2,de,3988,106,106,1.0
72,DESeq2,dp,3988,118,115,0.9745762711864406
72,DESeq2,dm,3988,108,105,0.9722222222222222
72,DESeq2,db,3988,107,56,0.5233644859813084
72,DESeq2,ee,3988,3150,25,0.007936507936507936
72,DESeq2,ep,3988,399,4,0.010025062656641603
73,DUET,de,3994,104,94,0.9038461538461539
73,DUET,dp,3994,102,76,0.7450980392156863
73,DUET,dm,3994,89,66,0.7415730337078652
73,DUET,db,3994,96,43,0.4479166666666667
73,DUET,ee,3994,3172,0,0.0
73,DUET,ep,3994,431,0,0.0
73,MAST,de,3994,104,94,0.9038461538461539
73,MAST,dp,3994,102,76,0.7450980392156863
73,MAST,dm,3994,89,66,0.7415730337078652
73,MAST,db,3994,96,43,0.4479166666666667
73,MAST,ee,3994,3172,0,0.0
73,MAST,ep,3994,431,0,0.0
73,wilcoxon,de,3994,104,98,0.9423076923076923
73,wilcoxon,dp,3994,102,81,0.7941176470588235
73,wilcoxon,dm,3994,89,75,0.8426966292134831
73,wilcoxon,db,3994,96,49,0.5104166666666666
73,wilcoxon,ee,3994,3172,0,0.0
73,wilcoxon,ep,3994,431,0,0.0
73,diffxpy,de,3994,104,102,0.9807692307692307
73,diffxpy,dp,3994,102,100,0.9803921568627451
73,diffxpy,dm,3994,89,84,0.9438202247191011
73,diffxpy,db,3994,96,80,0.8333333333333334
73,diffxpy,ee,3994,3172,115,0.0362547288776797
73,diffxpy,ep,3994,431,12,0.027842227378190254
73,DESeq2,de,3994,104,103,0.9903846153846154
73,DESeq2,dp,3994,102,100,0.9803921568627451
73,DESeq2,dm,3994,89,87,0.9775280898876404
73,DESeq2,db,3994,96,56,0.5833333333333334
73,DESeq2,ee,3994,3172,2,0.0006305170239596469
73,DESeq2,ep,3994,431,1,0.002320185614849188
74,DUET,de,3988,103,89,0.8640776699029126
74,DUET,dp,3988,88,56,0.6363636363636364
74,DUET,dm,3988,105,66,0.6285714285714286
74,DUET,db,3988,116,11,0.09482758620689655
74,DUET,ee,3988,3176,0,0.0
74,DUET,ep,3988,400,0,0.0
74,MAST,de,3988,103,89,0.8640776699029126
74,MAST,dp,3988,88,56,0.6363636363636364
74,MAST,dm,3988,105,66,0.6285714285714286
74,MAST,db,3988,116,11,0.09482758620689655
74,MAST,ee,3988,3176,0,0.0
74,MAST,ep,3988,400,0,0.0
74,wilcoxon,de,3988,103,87,0.8446601941747572
74,wilcoxon,dp,3988,88,62,0.7045454545454546
74,wilcoxon,dm,3988,105,74,0.7047619047619048
74,wilcoxon,db,3988,116,24,0.20689655172413793
74,wilcoxon,ee,3988,3176,3,0.0009445843828715365
74,wilcoxon,ep,3988,400,1,0.0025
74,diffxpy,de,3988,103,100,0.970873786407767
74,diffxpy,dp,3988,88,83,0.9431818181818182
74,diffxpy,dm,3988,105,98,0.9333333333333333
74,diffxpy,db,3988,116,55,0.47413793103448276
74,diffxpy,ee,3988,3176,7,0.002204030226700252
74,diffxpy,ep,3988,400,1,0.0025
74,DESeq2,de,3988,103,102,0.9902912621359223
74,DESeq2,dp,3988,88,84,0.9545454545454546
74,DESeq2,dm,3988,105,102,0.9714285714285714
74,DESeq2,db,3988,116,58,0.5
74,DESeq2,ee,3988,3176,22,0.0069269521410579345
74,DESeq2,ep,3988,400,2,0.005
75,DUET,de,3962,104,88,0.8461538461538461
75,DUET,dp,3962,96,54,0.5625
75,DUET,dm,3962,114,74,0.6491228070175439
75,DUET,db,3962,91,14,0.15384615384615385
75,DUET,ee,3962,3121,0,0.0
75,DUET,ep,3962,436,0,0.0
75,MAST,de,3962,104,88,0.8461538461538461
75,MAST,dp,3962,96,54,0.5625
75,MAST,dm,3962,114,74,0.6491228070175439
75,MAST,db,3962,91,14,0.15384615384615385
75,MAST,ee,3962,3121,0,0.0
75,MAST,ep,3962,436,0,0.0
75,wilcoxon,de,3962,104,90,0.8653846153846154
75,wilcoxon,dp,3962,96,59,0.6145833333333334
75,wilcoxon,dm,3962,114,82,0.7192982456140351
75,wilcoxon,db,3962,91,16,0.17582417582417584
75,wilcoxon,ee,3962,3121,0,0.0
75,wilcoxon,ep,3962,436,0,0.0
75,diffxpy,de,3962,104,102,0.9807692307692307
75,diffxpy,dp,3962,96,89,0.9270833333333334
75,diffxpy,dm,3962,114,105,0.9210526315789473
75,diffxpy,db,3962,91,53,0.5824175824175825
75,diffxpy,ee,3962,3121,8,0.00256328099967959
75,diffxpy,ep,3962,436,1,0.0022935779816513763
75,DESeq2,de,3962,104,104,1.0
75,DESeq2,dp,3962,96,91,0.9479166666666666
75,DESeq2,dm,3962,114,110,0.9649122807017544
75,DESeq2,db,3962,91,40,0.43956043956043955
75,DESeq2,ee,3962,3121,28,0.008971483498878564
75,DESeq2,ep,3962,436,0,0.0
76,DUET,de,3968,101,93,0.9207920792079208
76,DUET,dp,3968,125,101,0.808
76,DUET,dm,3968,109,85,0.7798165137614679
76,DUET,db,3968,108,62,0.5740740740740741
76,DUET,ee,3968,3174,1352,0.42596093257718964
76,DUET,ep,3968,351,189,0.5384615384615384
76,MAST,de,3968,101,93,0.9207920792079208
76,MAST,dp,3968,125,101,0.808
76,MAST,dm,3968,109,84,0.7706422018348624
76,MAST,db,3968,108,62,0.5740740740740741
76,MAST,ee,3968,3174,1324,0.4171392564587272
76,MAST,ep,3968,351,186,0.5299145299145299
76,wilcoxon,de,3968,101,87,0.8613861386138614
76,wilcoxon,dp,3968,125,75,0.6
76,wilcoxon,dm,3968,109,71,0.6513761467889908
76,wilcoxon,db,3968,108,22,0.2037037037037037
76,wilcoxon,ee,3968,3174,137,0.04316320100819156
76,wilcoxon,ep,3968,351,18,0.05128205128205128
76,diffxpy,de,3968,101,98,0.9702970297029703
76,diffxpy,dp,3968,125,109,0.872
76,diffxpy,dm,3968,109,98,0.8990825688073395
76,diffxpy,db,3968,108,40,0.37037037037037035
76,diffxpy,ee,3968,3174,25,0.007876496534341524
76,diffxpy,ep,3968,351,1,0.002849002849002849
76,DESeq2,de,3968,101,100,0.9900990099009901
76,DESeq2,dp,3968,125,117,0.936
76,DESeq2,dm,3968,109,105,0.963302752293578
76,DESeq2,db,3968,108,38,0.35185185185185186
76,DESeq2,ee,3968,3174,39,0.012287334593572778
76,DESeq2,ep,3968,351,0,0.0
77,DUET,de,3982,118,93,0.788135593220339
77,DUET,dp,3982,90,57,0.6333333333333333
77,DUET,dm,3982,102,61,0.5980392156862745
77,DUET,db,3982,90,10,0.1111111111111111
77,DUET,ee,3982,3178,0,0.0
77,DUET,ep,3982,404,0,0.0
77,MAST,de,3982,118,93,0.788135593220339
77,MAST,dp,3982,90,57,0.6333333333333333
77,MAST,dm,3982,102,61,0.5980392156862745
77,MAST,db,3982,90,10,0.1111111111111111
77,MAST,ee,3982,3178,0,0.0
77,MAST,ep,3982,404,0,0.0
77,wilcoxon,de,3982,118,94,0.7966101694915254
77,wilcoxon,dp,3982,90,63,0.7
77,wilcoxon,dm,3982,102,66,0.6470588235294118
77,wilcoxon,db,3982,90,18,0.2
77,wilcoxon,ee,3982,3178,0,0.0
77,wilcoxon,ep,3982,404,0,0.0
77,diffxpy,de,3982,118,113,0.9576271186440678
77,diffxpy,dp,3982,90,83,0.9222222222222223
77,diffxpy,dm,3982,102,93,0.9117647058823529
77,diffxpy,db,3982,90,63,0.7
77,diffxpy,ee,3982,3178,6,0.0018879798615481435
77,diffxpy,ep,3982,404,1,0.0024752475247524753
77,DESeq2,de,3982,118,118,1.0
77,DESeq2,dp,3982,90,83,0.9222222222222223
77,DESeq2,dm,3982,102,97,0.9509803921568627
77,DESeq2,db,3982,90,56,0.6222222222222222
77,DESeq2,ee,3982,3178,10,0.0031466331025802393
77,DESeq2,ep,3982,404,5,0.012376237623762377
78,DUET,de,3970,114,97,0.8508771929824561
78,DUET,dp,3970,101,58,0.5742574257425742
78,DUET,dm,3970,108,61,0.5648148148148148
78,DUET,db,3970,94,27,0.2872340425531915
78,DUET,ee,3970,3138,0,0.0
78,DUET,ep,3970,415,0,0.0
78,MAST,de,3970,114,97,0.8508771929824561
78,MAST,dp,3970,101,58,0.5742574257425742
78,MAST,dm,3970,108,61,0.5648148148148148
78,MAST,db,3970,94,27,0.2872340425531915
78,MAST,ee,3970,3138,0,0.0
78,MAST,ep,3970,415,0,0.0
78,wilcoxon,de,3970,114,93,0.8157894736842105
78,wilcoxon,dp,3970,101,61,0.6039603960396039
78,wilcoxon,dm,3970,108,68,0.6296296296296297
78,wilcoxon,db,3970,94,25,0.26595744680851063
78,wilcoxon,ee,3970,3138,2,0.0006373486297004461
78,wilcoxon,ep,3970,415,0,0.0
78,diffxpy,de,3970,114,113,0.9912280701754386
78,diffxpy,dp,3970,101,90,0.8910891089108911
78,diffxpy,dm,3970,108,95,0.8796296296296297
78,diffxpy,db,3970,94,70,0.7446808510638298
78,diffxpy,ee,3970,3138,8,0.0025493945188017845
78,diffxpy,ep,3970,415,1,0.0024096385542168677
78,DESeq2,de,3970,114,114,1.0
78,DESeq2,dp,3970,101,95,0.9405940594059405
78,DESeq2,dm,3970,108,103,0.9537037037037037
78,DESeq2,db,3970,94,58,0.6170212765957447
78,DESeq2,ee,3970,3138,19,0.006054811982154238
78,DESeq2,ep,3970,415,4,0.00963855421686747
79,DUET,de,3977,101,84,0.8316831683168316
79,DUET,dp,3977,99,54,0.5454545454545454
79,DUET,dm,3977,81,56,0.691358024691358
79,DUET,db,3977,124,36,0.2903225806451613
79,DUET,ee,3977,3196,0,0.0
79,DUET,ep,3977,376,0,0.0
79,MAST,de,3977,101,84,0.8316831683168316
79,MAST,dp,3977,99,53,0.5353535353535354
79,MAST,dm,3977,81,56,0.691358024691358
79,MAST,db,3977,124,36,0.2903225806451613
79,MAST,ee,3977,3196,0,0.0
79,MAST,ep,3977,376,0,0.0
79,wilcoxon,de,3977,101,85,0.8415841584158416
79,wilcoxon,dp,3977,99,62,0.6262626262626263
79,wilcoxon,dm,3977,81,58,0.7160493827160493
79,wilcoxon,db,3977,124,42,0.3387096774193548
79,wilcoxon,ee,3977,3196,0,0.0
79,wilcoxon,ep,3977,376,0,0.0
79,diffxpy,de,3977,101,98,0.9702970297029703
79,diffxpy,dp,3977,99,87,0.8787878787878788
79,diffxpy,dm,3977,81,78,0.9629629629629629
79,diffxpy,db,3977,124,91,0.7338709677419355
79,diffxpy,ee,3977,3196,14,0.004380475594493116
79,diffxpy,ep,3977,376,2,0.005319148936170213
79,DESeq2,de,3977,101,101,1.0
79,DESeq2,dp,3977,99,92,0.9292929292929293
79,DESeq2,dm,3977,81,78,0.9629629629629629
79,DESeq2,db,3977,124,99,0.7983870967741935
79,DESeq2,ee,3977,3196,17,0.005319148936170213
79,DESeq2,ep,3977,376,4,0.010638297872340425
80,DUET,de,3981,98,83,0.8469387755102041
80,DUET,dp,3981,95,63,0.6631578947368421
80,DUET,dm,3981,86,61,0.7093023255813954
80,DUET,db,3981,94,29,0.30851063829787234
80,DUET,ee,3981,3195,0,0.0
80,DUET,ep,3981,413,0,0.0
80,MAST,de,3981,98,83,0.8469387755102041
80,MAST,dp,3981,95,63,0.6631578947368421
80,MAST,dm,3981,86,61,0.7093023255813954
80,MAST,db,3981,94,29,0.30851063829787234
80,MAST,ee,3981,3195,0,0.0
80,MAST,ep,3981,413,0,0.0
80,wilcoxon,de,3981,98,85,0.8673469387755102
80,wilcoxon,dp,3981,95,63,0.6631578947368421
80,wilcoxon,dm,3981,86,60,0.6976744186046512
80,wilcoxon,db,3981,94,35,0.3723404255319149
80,wilcoxon,ee,3981,3195,0,0.0
80,wilcoxon,ep,3981,413,0,0.0
80,diffxpy,de,3981,98,97,0.9897959183673469
80,diffxpy,dp,3981,95,90,0.9473684210526315
80,diffxpy,dm,3981,86,80,0.9302325581395349
80,diffxpy,db,3981,94,75,0.7978723404255319
80,diffxpy,ee,3981,3195,7,0.002190923317683881
80,diffxpy,ep,3981,413,1,0.002421307506053269
80,DESeq2,de,3981,98,98,1.0
80,DESeq2,dp,3981,95,94,0.9894736842105263
80,DESeq2,dm,3981,86,84,0.9767441860465116
80,DESeq2,db,3981,94,70,0.7446808510638298
80,DESeq2,ee,3981,3195,25,0.00782472613458529
80,DESeq2,ep,3981,413,1,0.002421307506053269
81,DUET,de,3987,107,83,0.7757009345794392
81,DUET,dp,3987,119,71,0.5966386554621849
81,DUET,dm,3987,108,72,0.6666666666666666
81,DUET,db,3987,110,48,0.43636363636363634
81,DUET,ee,3987,3158,0,0.0
81,DUET,ep,3987,385,0,0.0
81,MAST,de,3987,107,83,0.7757009345794392
81,MAST,dp,3987,119,71,0.5966386554621849
81,MAST,dm,3987,108,72,0.6666666666666666
81,MAST,db,3987,110,47,0.42727272727272725
81,MAST,ee,3987,3158,0,0.0
81,MAST,ep,3987,385,0,0.0
81,wilcoxon,de,3987,107,81,0.7570093457943925
81,wilcoxon,dp,3987,119,67,0.5630252100840336
81,wilcoxon,dm,3987,108,71,0.6574074074074074
81,wilcoxon,db,3987,110,31,0.2818181818181818
81,wilcoxon,ee,3987,3158,9,0.002849905003166561
81,wilcoxon,ep,3987,385,2,0.005194805194805195
81,diffxpy,de,3987,107,105,0.9813084112149533
81,diffxpy,dp,3987,119,109,0.9159663865546218
81,diffxpy,dm,3987,108,97,0.8981481481481481
81,diffxpy,db,3987,110,80,0.7272727272727273
81,diffxpy,ee,3987,3158,3,0.0009499683343888537
81,diffxpy,ep,3987,385,1,0.0025974025974025974
81,DESeq2,de,3987,107,104,0.9719626168224299
81,DESeq2,dp,3987,119,112,0.9411764705882353
81,DESeq2,dm,3987,108,102,0.9444444444444444
81,DESeq2,db,3987,110,84,0.7636363636363637
81,DESeq2,ee,3987,3158,22,0.006966434452184927
81,DESeq2,ep,3987,385,1,0.0025974025974025974
82,DUET,de,3965,119,101,0.8487394957983193
82,DUET,dp,3965,93,59,0.6344086021505376
82,DUET,dm,3965,96,64,0.6666666666666666
82,DUET,db,3965,117,19,0.1623931623931624
82,DUET,ee,3965,3102,0,0.0
82,DUET,ep,3965,438,0,0.0
82,MAST,de,3965,119,101,0.8487394957983193
82,MAST,dp,3965,93,59,0.6344086021505376
82,MAST,dm,3965,96,64,0.6666666666666666
82,MAST,db,3965,117,19,0.1623931623931624
82,MAST,ee,3965,3102,0,0.0
82,MAST,ep,3965,438,0,0.0
82,wilcoxon,de,3965,119,101,0.8487394957983193
82,wilcoxon,dp,3965,93,62,0.6666666666666666
82,wilcoxon,dm,3965,96,68,0.7083333333333334
82,wilcoxon,db,3965,117,27,0.23076923076923078
82,wilcoxon,ee,3965,3102,3,0.0009671179883945841
82,wilcoxon,ep,3965,438,0,0.0
82,diffxpy,de,3965,119,115,0.9663865546218487
82,diffxpy,dp,3965,93,91,0.978494623655914
82,diffxpy,dm,3965,96,89,0.9270833333333334
82,diffxpy,db,3965,117,68,0.5811965811965812
82,diffxpy,ee,3965,3102,23,0.007414571244358479
82,diffxpy,ep,3965,438,3,0.00684931506849315
82,DESeq2,de,3965,119,116,0.9747899159663865
82,DESeq2,dp,3965,93,90,0.967741935483871
82,DESeq2,dm,3965,96,94,0.9791666666666666
82,DESeq2,db,3965,117,75,0.6410256410256411
82,DESeq2,ee,3965,3102,26,0.008381689232753063
82,DESeq2,ep,3965,438,5,0.01141552511415525
83,DUET,de,3997,107,92,0.8598130841121495
83,DUET,dp,3997,107,75,0.7009345794392523
83,DUET,dm,3997,96,69,0.71875
83,DUET,db,3997,103,54,0.5242718446601942
83,DUET,ee,3997,3191,0,0.0
83,DUET,ep,3997,393,0,0.0
83,MAST,de,3997,107,92,0.8598130841121495
83,MAST,dp,3997,107,75,0.7009345794392523
83,MAST,dm,3997,96,69,0.71875
83,MAST,db,3997,103,54,0.5242718446601942
83,MAST,ee,3997,3191,0,0.0
83,MAST,ep,3997,393,0,0.0
83,wilcoxon,de,3997,107,95,0.8878504672897196
83,wilcoxon,dp,3997,107,90,0.8411214953271028
83,wilcoxon,dm,3997,96,79,0.8229166666666666
83,wilcoxon,db,3997,103,67,0.6504854368932039
83,wilcoxon,ee,3997,3191,0,0.0
83,wilcoxon,ep,3997,393,0,0.0
83,diffxpy,de,3997,107,104,0.9719626168224299
83,diffxpy,dp,3997,107,104,0.9719626168224299
83,diffxpy,dm,3997,96,90,0.9375
83,diffxpy,db,3997,103,100,0.970873786407767
83,diffxpy,ee,3997,3191,69,0.02162331557505484
83,diffxpy,ep,3997,393,10,0.02544529262086514
83,DESeq2,de,3997,107,105,0.9813084112149533
83,DESeq2,dp,3997,107,104,0.9719626168224299
83,DESeq2,dm,3997,96,91,0.9479166666666666
83,DESeq2,db,3997,103,92,0.8932038834951457
83,DESeq2,ee,3997,3191,9,0.002820432466311501
83,DESeq2,ep,3997,393,0,0.0
84,DUET,de,3995,89,81,0.9101123595505618
84,DUET,dp,3995,106,81,0.7641509433962265
84,DUET,dm,3995,91,67,0.7362637362637363
84,DUET,db,3995,108,49,0.4537037037037037
84,DUET,ee,3995,3160,0,0.0
84,DUET,ep,3995,441,0,0.0
84,MAST,de,3995,89,81,0.9101123595505618
84,MAST,dp,3995,106,80,0.7547169811320755
84,MAST,dm,3995,91,67,0.7362637362637363
84,MAST,db,3995,108,48,0.4444444444444444
84,MAST,ee,3995,3160,0,0.0
84,MAST,ep,3995,441,0,0.0
84,wilcoxon,de,3995,89,83,0.9325842696629213
84,wilcoxon,dp,3995,106,93,0.8773584905660378
84,wilcoxon,dm,3995,91,76,0.8351648351648352
84,wilcoxon,db,3995,108,55,0.5092592592592593
84,wilcoxon,ee,3995,3160,0,0.0
84,wilcoxon,ep,3995,441,0,0.0
84,diffxpy,de,3995,89,87,0.9775280898876404
84,diffxpy,dp,3995,106,105,0.9905660377358491
84,diffxpy,dm,3995,91,86,0.945054945054945
84,diffxpy,db,3995,108,96,0.8888888888888888
84,diffxpy,ee,3995,3160,11,0.003481012658227848
84,diffxpy,ep,3995,441,3,0.006802721088435374
84,DESeq2,de,3995,89,87,0.9775280898876404
84,DESeq2,dp,3995,106,104,0.9811320754716981
84,DESeq2,dm,3995,91,84,0.9230769230769231
84,DESeq2,db,3995,108,90,0.8333333333333334
84,DESeq2,ee,3995,3160,9,0.002848101265822785
84,DESeq2,ep,3995,441,0,0.0
85,DUET,de,3996,89,82,0.9213483146067416
85,DUET,dp,3996,102,81,0.7941176470588235
85,DUET,dm,3996,103,80,0.7766990291262136
85,DUET,db,3996,93,37,0.3978494623655914
85,DUET,ee,3996,3199,0,0.0
85,DUET,ep,3996,410,0,0.0
85,MAST,de,3996,89,82,0.9213483146067416
85,MAST,dp,3996,102,81,0.7941176470588235
85,MAST,dm,3996,103,80,0.7766990291262136
85,MAST,db,3996,93,35,0.3763440860215054
85,MAST,ee,3996,3199,0,0.0
85,MAST,ep,3996,410,0,0.0
85,wilcoxon,de,3996,89,82,0.9213483146067416
85,wilcoxon,dp,3996,102,86,0.8431372549019608
85,wilcoxon,dm,3996,103,84,0.8155339805825242
85,wilcoxon,db,3996,93,48,0.5161290322580645
85,wilcoxon,ee,3996,3199,1,0.00031259768677711783
85,wilcoxon,ep,3996,410,1,0.0024390243902439024
85,diffxpy,de,3996,89,88,0.9887640449438202
85,diffxpy,dp,3996,102,99,0.9705882352941176
85,diffxpy,dm,3996,103,100,0.970873786407767
85,diffxpy,db,3996,93,87,0.9354838709677419
85,diffxpy,ee,3996,3199,7,0.002188183807439825
85,diffxpy,ep,3996,410,1,0.0024390243902439024
85,DESeq2,de,3996,89,89,1.0
85,DESeq2,dp,3996,102,97,0.9509803921568627
85,DESeq2,dm,3996,103,101,0.9805825242718447
85,DESeq2,db,3996,93,85,0.9139784946236559
85,DESeq2,ee,3996,3199,8,0.0025007814942169426
85,DESeq2,ep,3996,410,1,0.0024390243902439024
86,DUET,de,3972,110,89,0.8090909090909091
86,DUET,dp,3972,82,55,0.6707317073170732
86,DUET,dm,3972,89,57,0.6404494382022472
86,DUET,db,3972,88,14,0.1590909090909091
86,DUET,ee,3972,3228,0,0.0
86,DUET,ep,3972,375,0,0.0
86,MAST,de,3972,110,89,0.8090909090909091
86,MAST,dp,3972,82,55,0.6707317073170732
86,MAST,dm,3972,89,57,0.6404494382022472
86,MAST,db,3972,88,13,0.14772727272727273
86,MAST,ee,3972,3228,0,0.0
86,MAST,ep,3972,375,0,0.0
86,wilcoxon,de,3972,110,88,0.8
86,wilcoxon,dp,3972,82,55,0.6707317073170732
86,wilcoxon,dm,3972,89,56,0.6292134831460674
86,wilcoxon,db,3972,88,22,0.25
86,wilcoxon,ee,3972,3228,3,0.0009293680297397769
86,wilcoxon,ep,3972,375,0,0.0
86,diffxpy,de,3972,110,108,0.9818181818181818
86,diffxpy,dp,3972,82,75,0.9146341463414634
86,diffxpy,dm,3972,89,85,0.9550561797752809
86,diffxpy,db,3972,88,51,0.5795454545454546
86,diffxpy,ee,3972,3228,5,0.0015489467162329617
86,diffxpy,ep,3972,375,2,0.005333333333333333
86,DESeq2,de,3972,110,109,0.990909090909091
86,DESeq2,dp,3972,82,78,0.9512195121951219
86,DESeq2,dm,3972,89,87,0.9775280898876404
86,DESeq2,db,3972,88,54,0.6136363636363636
86,DESeq2,ee,3972,3228,22,0.006815365551425031
86,DESeq2,ep,3972,375,2,0.005333333333333333
87,DUET,de,3996,101,91,0.900990099009901
87,DUET,dp,3996,104,76,0.7307692307692307
87,DUET,dm,3996,98,75,0.7653061224489796
87,DUET,db,3996,105,22,0.20952380952380953
87,DUET,ee,3996,3201,0,0.0
87,DUET,ep,3996,387,0,0.0
87,MAST,de,3996,101,91,0.900990099009901
87,MAST,dp,3996,104,75,0.7211538461538461
87,MAST,dm,3996,98,75,0.7653061224489796
87,MAST,db,3996,105,22,0.20952380952380953
87,MAST,ee,3996,3201,0,0.0
87,MAST,ep,3996,387,0,0.0
87,wilcoxon,de,3996,101,93,0.9207920792079208
87,wilcoxon,dp,3996,104,84,0.8076923076923077
87,wilcoxon,dm,3996,98,79,0.8061224489795918
87,wilcoxon,db,3996,105,43,0.4095238095238095
87,wilcoxon,ee,3996,3201,64,0.01999375195251484
87,wilcoxon,ep,3996,387,18,0.046511627906976744
87,diffxpy,de,3996,101,99,0.9801980198019802
87,diffxpy,dp,3996,104,99,0.9519230769230769
87,diffxpy,dm,3996,98,95,0.9693877551020408
87,diffxpy,db,3996,105,72,0.6857142857142857
87,diffxpy,ee,3996,3201,5,0.001562011871290222
87,diffxpy,ep,3996,387,0,0.0
87,DESeq2,de,3996,101,100,0.9900990099009901
87,DESeq2,dp,3996,104,99,0.9519230769230769
87,DESeq2,dm,3996,98,95,0.9693877551020408
87,DESeq2,db,3996,105,63,0.6
87,DESeq2,ee,3996,3201,9,0.0028116213683223993
87,DESeq2,ep,3996,387,2,0.00516795865633075
88,DUET,de,3993,111,100,0.9009009009009009
88,DUET,dp,3993,82,59,0.7195121951219512
88,DUET,dm,3993,103,82,0.7961165048543689
88,DUET,db,3993,113,67,0.5929203539823009
88,DUET,ee,3993,3152,0,0.0
88,DUET,ep,3993,432,0,0.0
88,MAST,de,3993,111,100,0.9009009009009009
88,MAST,dp,3993,82,59,0.7195121951219512
88,MAST,dm,3993,103,82,0.7961165048543689
88,MAST,db,3993,113,67,0.5929203539823009
88,MAST,ee,3993,3152,0,0.0
88,MAST,ep,3993,432,0,0.0
88,wilcoxon,de,3993,111,102,0.918918918918919
88,wilcoxon,dp,3993,82,63,0.7682926829268293
88,wilcoxon,dm,3993,103,83,0.8058252427184466
88,wilcoxon,db,3993,113,43,0.3805309734513274
88,wilcoxon,ee,3993,3152,51,0.01618020304568528
88,wilcoxon,ep,3993,432,12,0.027777777777777776
88,diffxpy,de,3993,111,111,1.0
88,diffxpy,dp,3993,82,75,0.9146341463414634
88,diffxpy,dm,3993,103,97,0.941747572815534
88,diffxpy,db,3993,113,61,0.5398230088495575
88,diffxpy,ee,3993,3152,23,0.007296954314720812
88,diffxpy,ep,3993,432,1,0.0023148148148148147
88,DESeq2,de,3993,111,111,1.0
88,DESeq2,dp,3993,82,79,0.9634146341463414
88,DESeq2,dm,3993,103,98,0.9514563106796117
88,DESeq2,db,3993,113,45,0.39823008849557523
88,DESeq2,ee,3993,3152,5,0.0015862944162436548
88,DESeq2,ep,3993,432,0,0.0
89,DUET,de,3994,103,94,0.912621359223301
89,DUET,dp,3994,97,77,0.7938144329896907
89,DUET,dm,3994,90,58,0.6444444444444445
89,DUET,db,3994,102,34,0.3333333333333333
89,DUET,ee,3994,3202,0,0.0
89,DUET,ep,3994,400,0,0.0
89,MAST,de,3994,103,94,0.912621359223301
89,MAST,dp,3994,97,77,0.7938144329896907
89,MAST,dm,3994,90,58,0.6444444444444445
89,MAST,db,3994,102,34,0.3333333333333333
89,MAST,ee,3994,3202,0,0.0
89,MAST,ep,3994,400,0,0.0
89,wilcoxon,de,3994,103,95,0.9223300970873787
89,wilcoxon,dp,3994,97,82,0.845360824742268
89,wilcoxon,dm,3994,90,69,0.7666666666666667
89,wilcoxon,db,3994,102,56,0.5490196078431373
89,wilcoxon,ee,3994,3202,2,0.0006246096189881324
89,wilcoxon,ep,3994,400,0,0.0
89,diffxpy,de,3994,103,103,1.0
89,diffxpy,dp,3994,97,92,0.9484536082474226
89,diffxpy,dm,3994,90,88,0.9777777777777777
89,diffxpy,db,3994,102,91,0.8921568627450981
89,diffxpy,ee,3994,3202,9,0.0028107432854465957
89,diffxpy,ep,3994,400,1,0.0025
89,DESeq2,de,3994,103,103,1.0
89,DESeq2,dp,3994,97,94,0.9690721649484536
89,DESeq2,dm,3994,90,87,0.9666666666666667
89,DESeq2,db,3994,102,75,0.7352941176470589
89,DESeq2,ee,3994,3202,6,0.0018738288569643974
89,DESeq2,ep,3994,400,1,0.0025
90,DUET,de,3998,91,88,0.967032967032967
90,DUET,dp,3998,103,81,0.7864077669902912
90,DUET,dm,3998,88,66,0.75
90,DUET,db,3998,108,77,0.7129629629629629
90,DUET,ee,3998,3231,0,0.0
90,DUET,ep,3998,377,0,0.0
90,MAST,de,3998,91,87,0.9560439560439561
90,MAST,dp,3998,103,80,0.7766990291262136
90,MAST,dm,3998,88,65,0.7386363636363636
90,MAST,db,3998,108,77,0.7129629629629629
90,MAST,ee,3998,3231,0,0.0
90,MAST,ep,3998,377,0,0.0
90,wilcoxon,de,3998,91,87,0.9560439560439561
90,wilcoxon,dp,3998,103,87,0.8446601941747572
90,wilcoxon,dm,3998,88,72,0.8181818181818182
90,wilcoxon,db,3998,108,68,0.6296296296296297
90,wilcoxon,ee,3998,3231,3,0.0009285051067780873
90,wilcoxon,ep,3998,377,0,0.0
90,diffxpy,de,3998,91,90,0.989010989010989
90,diffxpy,dp,3998,103,99,0.9611650485436893
90,diffxpy,dm,3998,88,83,0.9431818181818182
90,diffxpy,db,3998,108,104,0.9629629629629629
90,diffxpy,ee,3998,3231,24,0.007428040854224698
90,diffxpy,ep,3998,377,7,0.01856763925729443
90,DESeq2,de,3998,91,91,1.0
90,DESeq2,dp,3998,103,101,0.9805825242718447
90,DESeq2,dm,3998,88,82,0.9318181818181818
90,DESeq2,db,3998,108,97,0.8981481481481481
90,DESeq2,ee,3998,3231,8,0.0024760136180748994
90,DESeq2,ep,3998,377,3,0.007957559681697613
91,DUET,de,3963,105,87,0.8285714285714286
91,DUET,dp,3963,82,49,0.5975609756097561
91,DUET,dm,3963,100,52,0.52
91,DUET,db,3963,94,13,0.13829787234042554
91,DUET,ee,3963,3187,10,0.0031377470975839346
91,DUET,ep,3963,395,0,0.0
91,MAST,de,3963,105,87,0.8285714285714286
91,MAST,dp,3963,82,49,0.5975609756097561
91,MAST,dm,3963,100,52,0.52
91,MAST,db,3963,94,13,0.13829787234042554
91,MAST,ee,3963,3187,10,0.0031377470975839346
91,MAST,ep,3963,395,0,0.0
91,wilcoxon,de,3963,105,87,0.8285714285714286
91,wilcoxon,dp,3963,82,48,0.5853658536585366
91,wilcoxon,dm,3963,100,59,0.59
91,wilcoxon,db,3963,94,28,0.2978723404255319
91,wilcoxon,ee,3963,3187,25,0.007844367743959836
91,wilcoxon,ep,3963,395,4,0.010126582278481013
91,diffxpy,de,3963,105,101,0.9619047619047619
91,diffxpy,dp,3963,82,70,0.8536585365853658
91,diffxpy,dm,3963,100,87,0.87
91,diffxpy,db,3963,94,60,0.6382978723404256
91,diffxpy,ee,3963,3187,19,0.005961719485409476
91,diffxpy,ep,3963,395,3,0.007594936708860759
91,DESeq2,de,3963,105,101,0.9619047619047619
91,DESeq2,dp,3963,82,77,0.9390243902439024
91,DESeq2,dm,3963,100,93,0.93
91,DESeq2,db,3963,94,48,0.5106382978723404
91,DESeq2,ee,3963,3187,26,0.00815814245371823
91,DESeq2,ep,3963,395,2,0.005063291139240506
92,DUET,de,3993,88,84,0.9545454545454546
92,DUET,dp,3993,102,70,0.6862745098039216
92,DUET,dm,3993,108,79,0.7314814814814815
92,DUET,db,3993,95,21,0.22105263157894736
92,DUET,ee,3993,3181,0,0.0
92,DUET,ep,3993,419,0,0.0
92,MAST,de,3993,88,84,0.9545454545454546
92,MAST,dp,3993,102,70,0.6862745098039216
92,MAST,dm,3993,108,79,0.7314814814814815
92,MAST,db,3993,95,21,0.22105263157894736
92,MAST,ee,3993,3181,0,0.0
92,MAST,ep,3993,419,0,0.0
92,wilcoxon,de,3993,88,86,0.9772727272727273
92,wilcoxon,dp,3993,102,78,0.7647058823529411
92,wilcoxon,dm,3993,108,88,0.8148148148148148
92,wilcoxon,db,3993,95,35,0.3684210526315789
92,wilcoxon,ee,3993,3181,0,0.0
92,wilcoxon,ep,3993,419,0,0.0
92,diffxpy,de,3993,88,88,1.0
92,diffxpy,dp,3993,102,96,0.9411764705882353
92,diffxpy,dm,3993,108,103,0.9537037037037037
92,diffxpy,db,3993,95,57,0.6
92,diffxpy,ee,3993,3181,7,0.0022005658597925182
92,diffxpy,ep,3993,419,0,0.0
92,DESeq2,de,3993,88,88,1.0
92,DESeq2,dp,3993,102,99,0.9705882352941176
92,DESeq2,dm,3993,108,104,0.9629629629629629
92,DESeq2,db,3993,95,49,0.5157894736842106
92,DESeq2,ee,3993,3181,9,0.0028292989625903803
92,DESeq2,ep,3993,419,0,0.0
93,DUET,de,3993,89,75,0.8426966292134831
93,DUET,dp,3993,103,74,0.7184466019417476
93,DUET,dm,3993,95,68,0.7157894736842105
93,DUET,db,3993,123,15,0.12195121951219512
93,DUET,ee,3993,3193,0,0.0
93,DUET,ep,3993,390,0,0.0
93,MAST,de,3993,89,75,0.8426966292134831
93,MAST,dp,3993,103,74,0.7184466019417476
93,MAST,dm,3993,95,68,0.7157894736842105
93,MAST,db,3993,123,15,0.12195121951219512
93,MAST,ee,3993,3193,0,0.0
93,MAST,ep,3993,390,0,0.0
93,wilcoxon,de,3993,89,79,0.8876404494382022
93,wilcoxon,dp,3993,103,81,0.7864077669902912
93,wilcoxon,dm,3993,95,80,0.8421052631578947
93,wilcoxon,db,3993,123,48,0.3902439024390244
93,wilcoxon,ee,3993,3193,27,0.00845599749451926
93,wilcoxon,ep,3993,390,3,0.007692307692307693
93,diffxpy,de,3993,89,86,0.9662921348314607
93,diffxpy,dp,3993,103,96,0.9320388349514563
93,diffxpy,dm,3993,95,88,0.9263157894736842
93,diffxpy,db,3993,123,80,0.6504065040650406
93,diffxpy,ee,3993,3193,10,0.0031318509238960224
93,diffxpy,ep,3993,390,1,0.002564102564102564
93,DESeq2,de,3993,89,89,1.0
93,DESeq2,dp,3993,103,96,0.9320388349514563
93,DESeq2,dm,3993,95,91,0.9578947368421052
93,DESeq2,db,3993,123,66,0.5365853658536586
93,DESeq2,ee,3993,3193,8,0.002505480739116818
93,DESeq2,ep,3993,390,0,0.0
94,DUET,de,3997,114,101,0.8859649122807017
94,DUET,dp,3997,113,81,0.7168141592920354
94,DUET,dm,3997,103,82,0.7961165048543689
94,DUET,db,3997,102,64,0.6274509803921569
94,DUET,ee,3997,3174,0,0.0
94,DUET,ep,3997,391,0,0.0
94,MAST,de,3997,114,101,0.8859649122807017
94,MAST,dp,3997,113,81,0.7168141592920354
94,MAST,dm,3997,103,82,0.7961165048543689
94,MAST,db,3997,102,64,0.6274509803921569
94,MAST,ee,3997,3174,0,0.0
94,MAST,ep,3997,391,0,0.0
94,wilcoxon,de,3997,114,100,0.8771929824561403
94,wilcoxon,dp,3997,113,95,0.8407079646017699
94,wilcoxon,dm,3997,103,84,0.8155339805825242
94,wilcoxon,db,3997,102,57,0.5588235294117647
94,wilcoxon,ee,3997,3174,0,0.0
94,wilcoxon,ep,3997,391,0,0.0
94,diffxpy,de,3997,114,113,0.9912280701754386
94,diffxpy,dp,3997,113,108,0.9557522123893806
94,diffxpy,dm,3997,103,98,0.9514563106796117
94,diffxpy,db,3997,102,99,0.9705882352941176
94,diffxpy,ee,3997,3174,32,0.010081915563957152
94,diffxpy,ep,3997,391,15,0.03836317135549872
94,DESeq2,de,3997,114,113,0.9912280701754386
94,DESeq2,dp,3997,113,109,0.9646017699115044
94,DESeq2,dm,3997,103,99,0.9611650485436893
94,DESeq2,db,3997,102,95,0.9313725490196079
94,DESeq2,ee,3997,3174,6,0.001890359168241966
94,DESeq2,ep,3997,391,0,0.0
95,DUET,de,3974,92,83,0.9021739130434783
95,DUET,dp,3974,116,64,0.5517241379310345
95,DUET,dm,3974,100,71,0.71
95,DUET,db,3974,106,26,0.24528301886792453
95,DUET,ee,3974,3180,0,0.0
95,DUET,ep,3974,380,0,0.0
95,MAST,de,3974,92,83,0.9021739130434783
95,MAST,dp,3974,116,64,0.5517241379310345
95,MAST,dm,3974,100,71,0.71
95,MAST,db,3974,106,26,0.24528301886792453
95,MAST,ee,3974,3180,0,0.0
95,MAST,ep,3974,380,0,0.0
95,wilcoxon,de,3974,92,82,0.8913043478260869
95,wilcoxon,dp,3974,116,67,0.5775862068965517
95,wilcoxon,dm,3974,100,75,0.75
95,wilcoxon,db,3974,106,26,0.24528301886792453
95,wilcoxon,ee,3974,3180,0,0.0
95,wilcoxon,ep,3974,380,0,0.0
95,diffxpy,de,3974,92,90,0.9782608695652174
95,diffxpy,dp,3974,116,105,0.9051724137931034
95,diffxpy,dm,3974,100,93,0.93
95,diffxpy,db,3974,106,66,0.6226415094339622
95,diffxpy,ee,3974,3180,37,0.011635220125786163
95,diffxpy,ep,3974,380,3,0.007894736842105263
95,DESeq2,de,3974,92,91,0.9891304347826086
95,DESeq2,dp,3974,116,111,0.9568965517241379
95,DESeq2,dm,3974,100,97,0.97
95,DESeq2,db,3974,106,79,0.7452830188679245
95,DESeq2,ee,3974,3180,31,0.009748427672955974
95,DESeq2,ep,3974,380,1,0.002631578947368421
96,DUET,de,3969,97,71,0.7319587628865979
96,DUET,dp,3969,97,47,0.4845360824742268
96,DUET,dm,3969,97,57,0.5876288659793815
96,DUET,db,3969,98,30,0.30612244897959184
96,DUET,ee,3969,3164,0,0.0
96,DUET,ep,3969,416,0,0.0
96,MAST,de,3969,97,71,0.7319587628865979
96,MAST,dp,3969,97,46,0.4742268041237113
96,MAST,dm,3969,97,57,0.5876288659793815
96,MAST,db,3969,98,29,0.29591836734693877
96,MAST,ee,3969,3164,0,0.0
96,MAST,ep,3969,416,0,0.0
96,wilcoxon,de,3969,97,72,0.7422680412371134
96,wilcoxon,dp,3969,97,50,0.5154639175257731
96,wilcoxon,dm,3969,97,57,0.5876288659793815
96,wilcoxon,db,3969,98,31,0.3163265306122449
96,wilcoxon,ee,3969,3164,1,0.0003160556257901391
96,wilcoxon,ep,3969,416,0,0.0
96,diffxpy,de,3969,97,92,0.9484536082474226
96,diffxpy,dp,3969,97,82,0.845360824742268
96,diffxpy,dm,3969,97,90,0.9278350515463918
96,diffxpy,db,3969,98,75,0.7653061224489796
96,diffxpy,ee,3969,3164,4,0.0012642225031605564
96,diffxpy,ep,3969,416,3,0.007211538461538462
96,DESeq2,de,3969,97,96,0.9896907216494846
96,DESeq2,dp,3969,97,87,0.8969072164948454
96,DESeq2,dm,3969,97,94,0.9690721649484536
96,DESeq2,db,3969,98,74,0.7551020408163265
96,DESeq2,ee,3969,3164,24,0.007585335018963337
96,DESeq2,ep,3969,416,2,0.004807692307692308
97,DUET,de,3995,117,109,0.9316239316239316
97,DUET,dp,3995,98,69,0.7040816326530612
97,DUET,dm,3995,103,77,0.7475728155339806
97,DUET,db,3995,78,26,0.3333333333333333
97,DUET,ee,3995,3180,0,0.0
97,DUET,ep,3995,419,0,0.0
97,MAST,de,3995,117,109,0.9316239316239316
97,MAST,dp,3995,98,69,0.7040816326530612
97,MAST,dm,3995,103,77,0.7475728155339806
97,MAST,db,3995,78,26,0.3333333333333333
97,MAST,ee,3995,3180,0,0.0
97,MAST,ep,3995,419,0,0.0
97,wilcoxon,de,3995,117,108,0.9230769230769231
97,wilcoxon,dp,3995,98,79,0.8061224489795918
97,wilcoxon,dm,3995,103,86,0.8349514563106796
97,wilcoxon,db,3995,78,37,0.47435897435897434
97,wilcoxon,ee,3995,3180,0,0.0
97,wilcoxon,ep,3995,419,0,0.0
97,diffxpy,de,3995,117,114,0.9743589743589743
97,diffxpy,dp,3995,98,96,0.9795918367346939
97,diffxpy,dm,3995,103,101,0.9805825242718447
97,diffxpy,db,3995,78,53,0.6794871794871795
97,diffxpy,ee,3995,3180,8,0.0025157232704402514
97,diffxpy,ep,3995,419,0,0.0
97,DESeq2,de,3995,117,116,0.9914529914529915
97,DESeq2,dp,3995,98,94,0.9591836734693877
97,DESeq2,dm,3995,103,99,0.9611650485436893
97,DESeq2,db,3995,78,38,0.48717948717948717
97,DESeq2,ee,3995,3180,5,0.0015723270440251573
97,DESeq2,ep,3995,419,1,0.002386634844868735
98,DUET,de,3978,89,67,0.7528089887640449
98,DUET,dp,3978,101,54,0.5346534653465347
98,DUET,dm,3978,105,66,0.6285714285714286
98,DUET,db,3978,103,28,0.27184466019417475
98,DUET,ee,3978,3217,0,0.0
98,DUET,ep,3978,363,0,0.0
98,MAST,de,3978,89,67,0.7528089887640449
98,MAST,dp,3978,101,54,0.5346534653465347
98,MAST,dm,3978,105,66,0.6285714285714286
98,MAST,db,3978,103,28,0.27184466019417475
98,MAST,ee,3978,3217,0,0.0
98,MAST,ep,3978,363,0,0.0
98,wilcoxon,de,3978,89,67,0.7528089887640449
98,wilcoxon,dp,3978,101,63,0.6237623762376238
98,wilcoxon,dm,3978,105,76,0.7238095238095238
98,wilcoxon,db,3978,103,27,0.2621359223300971
98,wilcoxon,ee,3978,3217,0,0.0
98,wilcoxon,ep,3978,363,0,0.0
98,diffxpy,de,3978,89,87,0.9775280898876404
98,diffxpy,dp,3978,101,90,0.8910891089108911
98,diffxpy,dm,3978,105,93,0.8857142857142857
98,diffxpy,db,3978,103,66,0.6407766990291263
98,diffxpy,ee,3978,3217,11,0.0034193347839602114
98,diffxpy,ep,3978,363,0,0.0
98,DESeq2,de,3978,89,89,1.0
98,DESeq2,dp,3978,101,96,0.9504950495049505
98,DESeq2,dm,3978,105,98,0.9333333333333333
98,DESeq2,db,3978,103,72,0.6990291262135923
98,DESeq2,ee,3978,3217,34,0.010568852968604289
98,DESeq2,ep,3978,363,4,0.011019283746556474
99,DUET,de,3993,101,94,0.9306930693069307
99,DUET,dp,3993,112,80,0.7142857142857143
99,DUET,dm,3993,101,79,0.7821782178217822
99,DUET,db,3993,115,49,0.4260869565217391
99,DUET,ee,3993,3170,0,0.0
99,DUET,ep,3993,394,0,0.0
99,MAST,de,3993,101,94,0.9306930693069307
99,MAST,dp,3993,112,80,0.7142857142857143
99,MAST,dm,3993,101,79,0.7821782178217822
99,MAST,db,3993,115,49,0.4260869565217391
99,MAST,ee,3993,3170,0,0.0
99,MAST,ep,3993,394,0,0.0
99,wilcoxon,de,3993,101,95,0.9405940594059405
99,wilcoxon,dp,3993,112,91,0.8125
99,wilcoxon,dm,3993,101,84,0.8316831683168316
99,wilcoxon,db,3993,115,53,0.4608695652173913
99,wilcoxon,ee,3993,3170,1,0.0003154574132492114
99,wilcoxon,ep,3993,394,0,0.0
99,diffxpy,de,3993,101,101,1.0
99,diffxpy,dp,3993,112,103,0.9196428571428571
99,diffxpy,dm,3993,101,97,0.9603960396039604
99,diffxpy,db,3993,115,102,0.8869565217391304
99,diffxpy,ee,3993,3170,45,0.014195583596214511
99,diffxpy,ep,3993,394,4,0.01015228426395939
99,DESeq2,de,3993,101,101,1.0
99,DESeq2,dp,3993,112,104,0.9285714285714286
99,DESeq2,dm,3993,101,97,0.9603960396039604
99,DESeq2,db,3993,115,100,0.8695652173913043
99,DESeq2,ee,3993,3170,6,0.0018927444794952682
99,DESeq2,ep,3993,394,1,0.0025380710659898475
100,DUET,de,3959,111,98,0.8828828828828829
100,DUET,dp,3959,94,71,0.7553191489361702
100,DUET,dm,3959,83,71,0.8554216867469879
100,DUET,db,3959,104,69,0.6634615384615384
100,DUET,ee,3959,3178,1069,0.33637507866582755
100,DUET,ep,3959,389,211,0.5424164524421594
100,MAST,de,3959,111,97,0.8738738738738738
100,MAST,dp,3959,94,71,0.7553191489361702
100,MAST,dm,3959,83,71,0.8554216867469879
100,MAST,db,3959,104,69,0.6634615384615384
100,MAST,ee,3959,3178,1042,0.3278791692888609
100,MAST,ep,3959,389,209,0.5372750642673522
100,wilcoxon,de,3959,111,93,0.8378378378378378
100,wilcoxon,dp,3959,94,60,0.6382978723404256
100,wilcoxon,dm,3959,83,49,0.5903614457831325
100,wilcoxon,db,3959,104,27,0.25961538461538464
100,wilcoxon,ee,3959,3178,111,0.034927627438640654
100,wilcoxon,ep,3959,389,40,0.10282776349614396
100,diffxpy,de,3959,111,109,0.9819819819819819
100,diffxpy,dp,3959,94,81,0.8617021276595744
100,diffxpy,dm,3959,83,78,0.9397590361445783
100,diffxpy,db,3959,104,44,0.4230769230769231
100,diffxpy,ee,3959,3178,6,0.0018879798615481435
100,diffxpy,ep,3959,389,1,0.002570694087403599
100,DESeq2,de,3959,111,111,1.0
100,DESeq2,dp,3959,94,87,0.925531914893617
100,DESeq2,dm,3959,83,79,0.9518072289156626
100,DESeq2,db,3959,104,50,0.4807692307692308
100,DESeq2,ee,3959,3178,22,0.006922592825676526
100,DESeq2,ep,3959,389,3,0.007712082262210797
